-- =============================================================================
-- INFOH303 - Donnees d'initialisation
-- Genere automatiquement a partir de cours.csv + utilisateurs + recompenses.xml + commentaires.json
-- 47 cours, 45 objets, 50 utilisateurs,
-- 89 resumes, 92 evaluations,
-- 147 possessions, 328 transactions
-- =============================================================================

-- ===== Cours =====
INSERT INTO cours (code, nom, faculte, credits, annee_academique) VALUES ('INFOH100', 'Introduction à la programmation', 'Informatique', 5, '2025-2026');
INSERT INTO cours (code, nom, faculte, credits, annee_academique) VALUES ('INFOH101', 'Algorithmique', 'Informatique', 5, '2025-2026');
INSERT INTO cours (code, nom, faculte, credits, annee_academique) VALUES ('INFOH102', 'Structures de données', 'Informatique', 5, '2025-2026');
INSERT INTO cours (code, nom, faculte, credits, annee_academique) VALUES ('INFOH200', 'Programmation orientée objet', 'Informatique', 5, '2025-2026');
INSERT INTO cours (code, nom, faculte, credits, annee_academique) VALUES ('INFOH201', 'Programmation avancée', 'Informatique', 5, '2025-2026');
INSERT INTO cours (code, nom, faculte, credits, annee_academique) VALUES ('INFOH202', 'Développement web', 'Informatique', 5, '2025-2026');
INSERT INTO cours (code, nom, faculte, credits, annee_academique) VALUES ('INFOH203', 'Bases de données avancées', 'Informatique', 5, '2025-2026');
INSERT INTO cours (code, nom, faculte, credits, annee_academique) VALUES ('INFOH300', 'Systèmes d’exploitation', 'Informatique', 5, '2025-2026');
INSERT INTO cours (code, nom, faculte, credits, annee_academique) VALUES ('INFOH301', 'Réseaux informatiques', 'Informatique', 5, '2025-2026');
INSERT INTO cours (code, nom, faculte, credits, annee_academique) VALUES ('INFOH302', 'Sécurité informatique', 'Informatique', 5, '2025-2026');
INSERT INTO cours (code, nom, faculte, credits, annee_academique) VALUES ('INFOH303', 'Bases de données', 'Informatique', 5, '2025-2026');
INSERT INTO cours (code, nom, faculte, credits, annee_academique) VALUES ('INFOH304', 'Génie logiciel', 'Informatique', 5, '2025-2026');
INSERT INTO cours (code, nom, faculte, credits, annee_academique) VALUES ('INFOH305', 'Architecture des ordinateurs', 'Informatique', 5, '2025-2026');
INSERT INTO cours (code, nom, faculte, credits, annee_academique) VALUES ('INFOH306', 'Compilation', 'Informatique', 5, '2025-2026');
INSERT INTO cours (code, nom, faculte, credits, annee_academique) VALUES ('INFOH307', 'Programmation concurrente', 'Informatique', 5, '2025-2026');
INSERT INTO cours (code, nom, faculte, credits, annee_academique) VALUES ('INFOH308', 'Cloud computing', 'Informatique', 5, '2025-2026');
INSERT INTO cours (code, nom, faculte, credits, annee_academique) VALUES ('INFOH309', 'Big Data', 'Informatique', 5, '2025-2026');
INSERT INTO cours (code, nom, faculte, credits, annee_academique) VALUES ('INFOH310', 'Machine learning', 'Informatique', 5, '2025-2026');
INSERT INTO cours (code, nom, faculte, credits, annee_academique) VALUES ('INFOH311', 'Intelligence artificielle', 'Informatique', 5, '2025-2026');
INSERT INTO cours (code, nom, faculte, credits, annee_academique) VALUES ('INFOH312', 'Vision par ordinateur', 'Informatique', 5, '2025-2026');
INSERT INTO cours (code, nom, faculte, credits, annee_academique) VALUES ('MATH100', 'Mathématiques discrètes', 'Mathématiques', 5, '2025-2026');
INSERT INTO cours (code, nom, faculte, credits, annee_academique) VALUES ('MATH101', 'Analyse 1', 'Mathématiques', 5, '2025-2026');
INSERT INTO cours (code, nom, faculte, credits, annee_academique) VALUES ('MATH102', 'Analyse 2', 'Mathématiques', 5, '2025-2026');
INSERT INTO cours (code, nom, faculte, credits, annee_academique) VALUES ('MATH200', 'Algèbre linéaire', 'Mathématiques', 5, '2025-2026');
INSERT INTO cours (code, nom, faculte, credits, annee_academique) VALUES ('MATH201', 'Probabilités', 'Mathématiques', 5, '2025-2026');
INSERT INTO cours (code, nom, faculte, credits, annee_academique) VALUES ('MATH202', 'Statistiques', 'Mathématiques', 5, '2025-2026');
INSERT INTO cours (code, nom, faculte, credits, annee_academique) VALUES ('MATH203', 'Optimisation', 'Mathématiques', 5, '2025-2026');
INSERT INTO cours (code, nom, faculte, credits, annee_academique) VALUES ('MATH204', 'Processus stochastiques', 'Mathématiques', 5, '2025-2026');
INSERT INTO cours (code, nom, faculte, credits, annee_academique) VALUES ('PHYS100', 'Physique générale', 'Sciences', 5, '2025-2026');
INSERT INTO cours (code, nom, faculte, credits, annee_academique) VALUES ('PHYS101', 'Mécanique', 'Sciences', 5, '2025-2026');
INSERT INTO cours (code, nom, faculte, credits, annee_academique) VALUES ('PHYS102', 'Électricité et magnétisme', 'Sciences', 5, '2025-2026');
INSERT INTO cours (code, nom, faculte, credits, annee_academique) VALUES ('PHYS200', 'Thermodynamique', 'Sciences', 5, '2025-2026');
INSERT INTO cours (code, nom, faculte, credits, annee_academique) VALUES ('PHYS201', 'Optique', 'Sciences', 5, '2025-2026');
INSERT INTO cours (code, nom, faculte, credits, annee_academique) VALUES ('ECON100', 'Introduction à l’économie', 'Économie', 5, '2025-2026');
INSERT INTO cours (code, nom, faculte, credits, annee_academique) VALUES ('ECON101', 'Microéconomie', 'Économie', 5, '2025-2026');
INSERT INTO cours (code, nom, faculte, credits, annee_academique) VALUES ('ECON102', 'Macroéconomie', 'Économie', 5, '2025-2026');
INSERT INTO cours (code, nom, faculte, credits, annee_academique) VALUES ('ECON200', 'Économie internationale', 'Économie', 5, '2025-2026');
INSERT INTO cours (code, nom, faculte, credits, annee_academique) VALUES ('ECON201', 'Économétrie', 'Économie', 5, '2025-2026');
INSERT INTO cours (code, nom, faculte, credits, annee_academique) VALUES ('LANG100', 'Anglais académique', 'Langues', 3, '2025-2026');
INSERT INTO cours (code, nom, faculte, credits, annee_academique) VALUES ('LANG101', 'Communication écrite', 'Langues', 3, '2025-2026');
INSERT INTO cours (code, nom, faculte, credits, annee_academique) VALUES ('LANG102', 'Communication orale', 'Langues', 3, '2025-2026');
INSERT INTO cours (code, nom, faculte, credits, annee_academique) VALUES ('LANG200', 'Anglais avancé', 'Langues', 3, '2025-2026');
INSERT INTO cours (code, nom, faculte, credits, annee_academique) VALUES ('LANG201', 'Rédaction scientifique', 'Langues', 3, '2025-2026');
INSERT INTO cours (code, nom, faculte, credits, annee_academique) VALUES ('MGMT100', 'Introduction au management', 'Gestion', 5, '2025-2026');
INSERT INTO cours (code, nom, faculte, credits, annee_academique) VALUES ('MGMT200', 'Gestion de projet', 'Gestion', 5, '2025-2026');
INSERT INTO cours (code, nom, faculte, credits, annee_academique) VALUES ('MGMT201', 'Entrepreneuriat', 'Gestion', 5, '2025-2026');
INSERT INTO cours (code, nom, faculte, credits, annee_academique) VALUES ('MGMT202', 'Management stratégique', 'Gestion', 5, '2025-2026');

-- ===== Seuils de niveau =====
INSERT INTO seuil_niveau (points_min, niveau) VALUES (0, 1);
INSERT INTO seuil_niveau (points_min, niveau) VALUES (100, 2);
INSERT INTO seuil_niveau (points_min, niveau) VALUES (300, 3);
INSERT INTO seuil_niveau (points_min, niveau) VALUES (500, 4);
INSERT INTO seuil_niveau (points_min, niveau) VALUES (800, 5);
INSERT INTO seuil_niveau (points_min, niveau) VALUES (1200, 6);
INSERT INTO seuil_niveau (points_min, niveau) VALUES (1700, 7);
INSERT INTO seuil_niveau (points_min, niveau) VALUES (2200, 8);
INSERT INTO seuil_niveau (points_min, niveau) VALUES (2800, 9);
INSERT INTO seuil_niveau (points_min, niveau) VALUES (3500, 10);

-- ===== Objets cosmetiques =====
INSERT INTO objet (oid, nom, description, prix, type) VALUES (1, 'Débutant', 'Attribué aux nouveaux contributeurs', 50, 'badge');
INSERT INTO objet (oid, nom, description, prix, type) VALUES (2, 'Apprenti', 'Premier niveau de contribution', 100, 'badge');
INSERT INTO objet (oid, nom, description, prix, type) VALUES (3, 'Contributeur actif', 'Publie régulièrement des résumés', 200, 'badge');
INSERT INTO objet (oid, nom, description, prix, type) VALUES (4, 'Contributeur expert', 'Publie des résumés de qualité', 500, 'badge');
INSERT INTO objet (oid, nom, description, prix, type) VALUES (5, 'Expert SQL', 'Maîtrise des bases de données', 1000, 'badge');
INSERT INTO objet (oid, nom, description, prix, type) VALUES (6, 'Top Contributeur', 'Parmi les meilleurs utilisateurs', 1500, 'titre');
INSERT INTO objet (oid, nom, description, prix, type) VALUES (7, 'Maître du savoir', 'Expert académique reconnu', 2000, 'titre');
INSERT INTO objet (oid, nom, description, prix, type) VALUES (8, 'Légende du campus', 'Statut exceptionnel', 3000, 'titre');
INSERT INTO objet (oid, nom, description, prix, type) VALUES (9, 'Profil sombre', 'Thème sombre pour le profil', 300, 'theme');
INSERT INTO objet (oid, nom, description, prix, type) VALUES (10, 'Profil clair', 'Thème clair alternatif', 300, 'theme');
INSERT INTO objet (oid, nom, description, prix, type) VALUES (11, 'Thème nuit', 'Interface nocturne', 400, 'theme');
INSERT INTO objet (oid, nom, description, prix, type) VALUES (12, 'Thème pastel', 'Couleurs douces', 400, 'theme');
INSERT INTO objet (oid, nom, description, prix, type) VALUES (13, 'Icône étoile', 'Icône spéciale', 150, 'cosmetique');
INSERT INTO objet (oid, nom, description, prix, type) VALUES (14, 'Icône flamme', 'Activité élevée', 200, 'cosmetique');
INSERT INTO objet (oid, nom, description, prix, type) VALUES (15, 'Icône trophée', 'Symbole de réussite', 250, 'cosmetique');
INSERT INTO objet (oid, nom, description, prix, type) VALUES (16, 'Icône livre', 'Passion pour l’étude', 150, 'cosmetique');
INSERT INTO objet (oid, nom, description, prix, type) VALUES (17, 'Icône cerveau', 'Intellect élevé', 300, 'cosmetique');
INSERT INTO objet (oid, nom, description, prix, type) VALUES (18, 'Badge bronze', 'Badge bronze', 400, 'badge');
INSERT INTO objet (oid, nom, description, prix, type) VALUES (19, 'Badge argent', 'Badge argent', 800, 'badge');
INSERT INTO objet (oid, nom, description, prix, type) VALUES (20, 'Badge or', 'Badge or', 1200, 'badge');
INSERT INTO objet (oid, nom, description, prix, type) VALUES (21, 'Badge diamant', 'Badge premium', 2000, 'badge');
INSERT INTO objet (oid, nom, description, prix, type) VALUES (22, 'Cadre simple', 'Cadre basique', 100, 'cosmetique');
INSERT INTO objet (oid, nom, description, prix, type) VALUES (23, 'Cadre premium', 'Cadre avancé', 600, 'cosmetique');
INSERT INTO objet (oid, nom, description, prix, type) VALUES (24, 'Cadre doré', 'Cadre luxueux', 1200, 'cosmetique');
INSERT INTO objet (oid, nom, description, prix, type) VALUES (25, 'Effet brillant', 'Effet visuel', 700, 'cosmetique');
INSERT INTO objet (oid, nom, description, prix, type) VALUES (26, 'Effet feu', 'Effet animé', 900, 'cosmetique');
INSERT INTO objet (oid, nom, description, prix, type) VALUES (27, 'Effet glace', 'Effet givré', 900, 'cosmetique');
INSERT INTO objet (oid, nom, description, prix, type) VALUES (28, 'Titre étudiant modèle', 'Utilisateur exemplaire', 800, 'titre');
INSERT INTO objet (oid, nom, description, prix, type) VALUES (29, 'Titre mentor', 'Aide les autres', 1200, 'titre');
INSERT INTO objet (oid, nom, description, prix, type) VALUES (30, 'Titre professeur', 'Très expérimenté', 2000, 'titre');
INSERT INTO objet (oid, nom, description, prix, type) VALUES (31, 'Badge IA', 'Spécialiste IA', 1100, 'badge');
INSERT INTO objet (oid, nom, description, prix, type) VALUES (32, 'Badge math', 'Expert mathématiques', 900, 'badge');
INSERT INTO objet (oid, nom, description, prix, type) VALUES (33, 'Badge physique', 'Expert physique', 900, 'badge');
INSERT INTO objet (oid, nom, description, prix, type) VALUES (34, 'Badge économie', 'Expert économie', 900, 'badge');
INSERT INTO objet (oid, nom, description, prix, type) VALUES (35, 'Icône fusée', 'Progression rapide', 300, 'cosmetique');
INSERT INTO objet (oid, nom, description, prix, type) VALUES (36, 'Icône éclair', 'Réactivité', 300, 'cosmetique');
INSERT INTO objet (oid, nom, description, prix, type) VALUES (37, 'Icône cible', 'Précision', 300, 'cosmetique');
INSERT INTO objet (oid, nom, description, prix, type) VALUES (38, 'Thème sombre premium', 'Thème sombre avancé', 800, 'theme');
INSERT INTO objet (oid, nom, description, prix, type) VALUES (39, 'Thème néon', 'Couleurs flashy', 900, 'theme');
INSERT INTO objet (oid, nom, description, prix, type) VALUES (40, 'Titre VIP', 'Utilisateur premium', 2500, 'titre');
INSERT INTO objet (oid, nom, description, prix, type) VALUES (41, 'Titre élite', 'Top utilisateurs', 3000, 'titre');
INSERT INTO objet (oid, nom, description, prix, type) VALUES (42, 'Badge participation', 'Participation active', 150, 'badge');
INSERT INTO objet (oid, nom, description, prix, type) VALUES (43, 'Badge fidélité', 'Utilisateur régulier', 300, 'badge');
INSERT INTO objet (oid, nom, description, prix, type) VALUES (44, 'Cadre arc-en-ciel', 'Cadre coloré', 700, 'cosmetique');
INSERT INTO objet (oid, nom, description, prix, type) VALUES (45, 'Effet holographique', 'Effet futuriste', 1000, 'cosmetique');

-- ===== Utilisateurs =====
INSERT INTO utilisateur (uid, nom, email, mot_de_passe_hash, date_inscription, points) VALUES (1, 'alice_dupont', 'alice.dupont@univ.be', '$2a$10$dummyhashfortestingpurposesonly1234567890', '2025-09-15', 1250);
INSERT INTO utilisateur (uid, nom, email, mot_de_passe_hash, date_inscription, points) VALUES (2, 'benoit_martin', 'benoit.martin@univ.be', '$2a$10$dummyhashfortestingpurposesonly1234567890', '2025-09-17', 870);
INSERT INTO utilisateur (uid, nom, email, mot_de_passe_hash, date_inscription, points) VALUES (3, 'camille_leroy', 'camille.leroy@univ.be', '$2a$10$dummyhashfortestingpurposesonly1234567890', '2025-09-18', 2100);
INSERT INTO utilisateur (uid, nom, email, mot_de_passe_hash, date_inscription, points) VALUES (4, 'david_nguyen', 'david.nguyen@univ.be', '$2a$10$dummyhashfortestingpurposesonly1234567890', '2025-09-20', 430);
INSERT INTO utilisateur (uid, nom, email, mot_de_passe_hash, date_inscription, points) VALUES (5, 'emma_bernard', 'emma.bernard@univ.be', '$2a$10$dummyhashfortestingpurposesonly1234567890', '2025-09-22', 3200);
INSERT INTO utilisateur (uid, nom, email, mot_de_passe_hash, date_inscription, points) VALUES (6, 'felix_moreau', 'felix.moreau@univ.be', '$2a$10$dummyhashfortestingpurposesonly1234567890', '2025-09-23', 180);
INSERT INTO utilisateur (uid, nom, email, mot_de_passe_hash, date_inscription, points) VALUES (7, 'giulia_ferrari', 'giulia.ferrari@univ.be', '$2a$10$dummyhashfortestingpurposesonly1234567890', '2025-09-24', 1580);
INSERT INTO utilisateur (uid, nom, email, mot_de_passe_hash, date_inscription, points) VALUES (8, 'hugo_petit', 'hugo.petit@univ.be', '$2a$10$dummyhashfortestingpurposesonly1234567890', '2025-09-25', 650);
INSERT INTO utilisateur (uid, nom, email, mot_de_passe_hash, date_inscription, points) VALUES (9, 'isabelle_lambert', 'isabelle.lambert@univ.be', '$2a$10$dummyhashfortestingpurposesonly1234567890', '2025-09-26', 2750);
INSERT INTO utilisateur (uid, nom, email, mot_de_passe_hash, date_inscription, points) VALUES (10, 'julien_simon', 'julien.simon@univ.be', '$2a$10$dummyhashfortestingpurposesonly1234567890', '2025-09-27', 320);
INSERT INTO utilisateur (uid, nom, email, mot_de_passe_hash, date_inscription, points) VALUES (11, 'karine_dubois', 'karine.dubois@univ.be', '$2a$10$dummyhashfortestingpurposesonly1234567890', '2025-09-28', 1900);
INSERT INTO utilisateur (uid, nom, email, mot_de_passe_hash, date_inscription, points) VALUES (12, 'lucas_henry', 'lucas.henry@univ.be', '$2a$10$dummyhashfortestingpurposesonly1234567890', '2025-09-29', 540);
INSERT INTO utilisateur (uid, nom, email, mot_de_passe_hash, date_inscription, points) VALUES (13, 'marie_thomas', 'marie.thomas@univ.be', '$2a$10$dummyhashfortestingpurposesonly1234567890', '2025-10-01', 1100);
INSERT INTO utilisateur (uid, nom, email, mot_de_passe_hash, date_inscription, points) VALUES (14, 'nicolas_robert', 'nicolas.robert@univ.be', '$2a$10$dummyhashfortestingpurposesonly1234567890', '2025-10-02', 75);
INSERT INTO utilisateur (uid, nom, email, mot_de_passe_hash, date_inscription, points) VALUES (15, 'olivia_richard', 'olivia.richard@univ.be', '$2a$10$dummyhashfortestingpurposesonly1234567890', '2025-10-03', 760);
INSERT INTO utilisateur (uid, nom, email, mot_de_passe_hash, date_inscription, points) VALUES (16, 'pierre_blanc', 'pierre.blanc@univ.be', '$2a$10$dummyhashfortestingpurposesonly1234567890', '2025-10-04', 1450);
INSERT INTO utilisateur (uid, nom, email, mot_de_passe_hash, date_inscription, points) VALUES (17, 'quentin_garcia', 'quentin.garcia@univ.be', '$2a$10$dummyhashfortestingpurposesonly1234567890', '2025-10-05', 230);
INSERT INTO utilisateur (uid, nom, email, mot_de_passe_hash, date_inscription, points) VALUES (18, 'rachel_martinez', 'rachel.martinez@univ.be', '$2a$10$dummyhashfortestingpurposesonly1234567890', '2025-10-06', 2300);
INSERT INTO utilisateur (uid, nom, email, mot_de_passe_hash, date_inscription, points) VALUES (19, 'samuel_wilson', 'samuel.wilson@univ.be', '$2a$10$dummyhashfortestingpurposesonly1234567890', '2025-10-07', 490);
INSERT INTO utilisateur (uid, nom, email, mot_de_passe_hash, date_inscription, points) VALUES (20, 'therese_anderson', 'therese.anderson@univ.be', '$2a$10$dummyhashfortestingpurposesonly1234567890', '2025-10-08', 1700);
INSERT INTO utilisateur (uid, nom, email, mot_de_passe_hash, date_inscription, points) VALUES (21, 'ugo_taylor', 'ugo.taylor@univ.be', '$2a$10$dummyhashfortestingpurposesonly1234567890', '2025-10-09', 140);
INSERT INTO utilisateur (uid, nom, email, mot_de_passe_hash, date_inscription, points) VALUES (22, 'valerie_jackson', 'valerie.jackson@univ.be', '$2a$10$dummyhashfortestingpurposesonly1234567890', '2025-10-10', 980);
INSERT INTO utilisateur (uid, nom, email, mot_de_passe_hash, date_inscription, points) VALUES (23, 'william_clark', 'william.clark@univ.be', '$2a$10$dummyhashfortestingpurposesonly1234567890', '2025-10-11', 2050);
INSERT INTO utilisateur (uid, nom, email, mot_de_passe_hash, date_inscription, points) VALUES (24, 'xavier_lewis', 'xavier.lewis@univ.be', '$2a$10$dummyhashfortestingpurposesonly1234567890', '2025-10-12', 390);
INSERT INTO utilisateur (uid, nom, email, mot_de_passe_hash, date_inscription, points) VALUES (25, 'yasmine_hall', 'yasmine.hall@univ.be', '$2a$10$dummyhashfortestingpurposesonly1234567890', '2025-10-13', 1350);
INSERT INTO utilisateur (uid, nom, email, mot_de_passe_hash, date_inscription, points) VALUES (26, 'zachary_allen', 'zachary.allen@univ.be', '$2a$10$dummyhashfortestingpurposesonly1234567890', '2025-10-14', 610);
INSERT INTO utilisateur (uid, nom, email, mot_de_passe_hash, date_inscription, points) VALUES (27, 'amandine_scott', 'amandine.scott@univ.be', '$2a$10$dummyhashfortestingpurposesonly1234567890', '2025-10-15', 1650);
INSERT INTO utilisateur (uid, nom, email, mot_de_passe_hash, date_inscription, points) VALUES (28, 'baptiste_young', 'baptiste.young@univ.be', '$2a$10$dummyhashfortestingpurposesonly1234567890', '2025-10-16', 90);
INSERT INTO utilisateur (uid, nom, email, mot_de_passe_hash, date_inscription, points) VALUES (29, 'claire_hernandez', 'claire.hernandez@univ.be', '$2a$10$dummyhashfortestingpurposesonly1234567890', '2025-10-17', 1820);
INSERT INTO utilisateur (uid, nom, email, mot_de_passe_hash, date_inscription, points) VALUES (30, 'damien_king', 'damien.king@univ.be', '$2a$10$dummyhashfortestingpurposesonly1234567890', '2025-10-18', 700);
INSERT INTO utilisateur (uid, nom, email, mot_de_passe_hash, date_inscription, points) VALUES (31, 'elena_wright', 'elena.wright@univ.be', '$2a$10$dummyhashfortestingpurposesonly1234567890', '2025-10-19', 2450);
INSERT INTO utilisateur (uid, nom, email, mot_de_passe_hash, date_inscription, points) VALUES (32, 'florian_lopez', 'florian.lopez@univ.be', '$2a$10$dummyhashfortestingpurposesonly1234567890', '2025-10-20', 280);
INSERT INTO utilisateur (uid, nom, email, mot_de_passe_hash, date_inscription, points) VALUES (33, 'gaelle_hill', 'gaelle.hill@univ.be', '$2a$10$dummyhashfortestingpurposesonly1234567890', '2025-10-21', 1200);
INSERT INTO utilisateur (uid, nom, email, mot_de_passe_hash, date_inscription, points) VALUES (34, 'hadrien_green', 'hadrien.green@univ.be', '$2a$10$dummyhashfortestingpurposesonly1234567890', '2025-10-22', 1050);
INSERT INTO utilisateur (uid, nom, email, mot_de_passe_hash, date_inscription, points) VALUES (35, 'ines_adams', 'ines.adams@univ.be', '$2a$10$dummyhashfortestingpurposesonly1234567890', '2025-10-23', 55);
INSERT INTO utilisateur (uid, nom, email, mot_de_passe_hash, date_inscription, points) VALUES (36, 'jerome_baker', 'jerome.baker@univ.be', '$2a$10$dummyhashfortestingpurposesonly1234567890', '2025-10-24', 1480);
INSERT INTO utilisateur (uid, nom, email, mot_de_passe_hash, date_inscription, points) VALUES (37, 'laura_campbell', 'laura.campbell@univ.be', '$2a$10$dummyhashfortestingpurposesonly1234567890', '2025-10-25', 410);
INSERT INTO utilisateur (uid, nom, email, mot_de_passe_hash, date_inscription, points) VALUES (38, 'mathieu_mitchell', 'mathieu.mitchell@univ.be', '$2a$10$dummyhashfortestingpurposesonly1234567890', '2025-10-26', 2180);
INSERT INTO utilisateur (uid, nom, email, mot_de_passe_hash, date_inscription, points) VALUES (39, 'noemie_perez', 'noemie.perez@univ.be', '$2a$10$dummyhashfortestingpurposesonly1234567890', '2025-10-27', 330);
INSERT INTO utilisateur (uid, nom, email, mot_de_passe_hash, date_inscription, points) VALUES (40, 'oscar_roberts', 'oscar.roberts@univ.be', '$2a$10$dummyhashfortestingpurposesonly1234567890', '2025-10-28', 0);
INSERT INTO utilisateur (uid, nom, email, mot_de_passe_hash, date_inscription, points) VALUES (41, 'pauline_turner', 'pauline.turner@univ.be', '$2a$10$dummyhashfortestingpurposesonly1234567890', '2025-10-29', 120);
INSERT INTO utilisateur (uid, nom, email, mot_de_passe_hash, date_inscription, points) VALUES (42, 'romain_phillips', 'romain.phillips@univ.be', '$2a$10$dummyhashfortestingpurposesonly1234567890', '2025-10-30', 900);
INSERT INTO utilisateur (uid, nom, email, mot_de_passe_hash, date_inscription, points) VALUES (43, 'sarah_evans', 'sarah.evans@univ.be', '$2a$10$dummyhashfortestingpurposesonly1234567890', '2025-11-01', 2900);
INSERT INTO utilisateur (uid, nom, email, mot_de_passe_hash, date_inscription, points) VALUES (44, 'titouan_morgan', 'titouan.morgan@univ.be', '$2a$10$dummyhashfortestingpurposesonly1234567890', '2025-11-02', 560);
INSERT INTO utilisateur (uid, nom, email, mot_de_passe_hash, date_inscription, points) VALUES (45, 'ulrike_cooper', 'ulrike.cooper@univ.be', '$2a$10$dummyhashfortestingpurposesonly1234567890', '2025-11-03', 1550);
INSERT INTO utilisateur (uid, nom, email, mot_de_passe_hash, date_inscription, points) VALUES (46, 'victor_reed', 'victor.reed@univ.be', '$2a$10$dummyhashfortestingpurposesonly1234567890', '2025-11-04', 200);
INSERT INTO utilisateur (uid, nom, email, mot_de_passe_hash, date_inscription, points) VALUES (47, 'wendy_cook', 'wendy.cook@univ.be', '$2a$10$dummyhashfortestingpurposesonly1234567890', '2025-11-05', 1300);
INSERT INTO utilisateur (uid, nom, email, mot_de_passe_hash, date_inscription, points) VALUES (48, 'xavier_bailey', 'xavier.bailey@univ.be', '$2a$10$dummyhashfortestingpurposesonly1234567890', '2025-11-06', 840);
INSERT INTO utilisateur (uid, nom, email, mot_de_passe_hash, date_inscription, points) VALUES (49, 'yoann_bell', 'yoann.bell@univ.be', '$2a$10$dummyhashfortestingpurposesonly1234567890', '2025-11-07', 2600);
INSERT INTO utilisateur (uid, nom, email, mot_de_passe_hash, date_inscription, points) VALUES (50, 'zoe_murphy', 'zoe.murphy@univ.be', '$2a$10$dummyhashfortestingpurposesonly1234567890', '2025-11-08', 460);

-- ===== Resumes =====
INSERT INTO resume (rid, titre, description, date_publication, version, visibilite, uid, code_cours) VALUES (1, 'Introduction aux bases de données', 'Resume du cours INFOH303 : Introduction aux bases de données', '2025-10-01', 1, 'public', 1, 'INFOH303');
INSERT INTO resume (rid, titre, description, date_publication, version, visibilite, uid, code_cours) VALUES (2, 'Résumé probabilités', 'Resume du cours MATH201 : Résumé probabilités', '2025-10-10', 1, 'public', 1, 'MATH201');
INSERT INTO resume (rid, titre, description, date_publication, version, visibilite, uid, code_cours) VALUES (3, 'Fondamentaux du machine learning', 'Resume du cours INFOH310 : Fondamentaux du machine learning', '2025-10-05', 1, 'public', 2, 'INFOH310');
INSERT INTO resume (rid, titre, description, date_publication, version, visibilite, uid, code_cours) VALUES (4, 'Introduction à l''IA', 'Resume du cours INFOH311 : Introduction à l''IA', '2025-10-20', 1, 'public', 2, 'INFOH311');
INSERT INTO resume (rid, titre, description, date_publication, version, visibilite, uid, code_cours) VALUES (5, 'Mathématiques discrètes - résumé complet', 'Resume du cours MATH100 : Mathématiques discrètes - résumé complet', '2025-09-25', 1, 'public', 3, 'MATH100');
INSERT INTO resume (rid, titre, description, date_publication, version, visibilite, uid, code_cours) VALUES (6, 'Algèbre linéaire synthèse', 'Resume du cours MATH200 : Algèbre linéaire synthèse', '2025-10-03', 1, 'public', 3, 'MATH200');
INSERT INTO resume (rid, titre, description, date_publication, version, visibilite, uid, code_cours) VALUES (7, 'Optimisation - méthodes principales', 'Resume du cours MATH203 : Optimisation - méthodes principales', '2025-10-15', 1, 'public', 3, 'MATH203');
INSERT INTO resume (rid, titre, description, date_publication, version, visibilite, uid, code_cours) VALUES (8, 'Bases de la programmation', 'Resume du cours INFOH100 : Bases de la programmation', '2025-10-08', 1, 'public', 4, 'INFOH100');
INSERT INTO resume (rid, titre, description, date_publication, version, visibilite, uid, code_cours) VALUES (9, 'Introduction à l''économie - fiche synthèse', 'Resume du cours ECON100 : Introduction à l''économie - fiche synthèse', '2025-09-28', 1, 'public', 5, 'ECON100');
INSERT INTO resume (rid, titre, description, date_publication, version, visibilite, uid, code_cours) VALUES (10, 'Microéconomie complète', 'Resume du cours ECON101 : Microéconomie complète', '2025-10-06', 1, 'public', 5, 'ECON101');
INSERT INTO resume (rid, titre, description, date_publication, version, visibilite, uid, code_cours) VALUES (11, 'Économétrie - méthodes et applications', 'Resume du cours ECON201 : Économétrie - méthodes et applications', '2025-10-22', 1, 'public', 5, 'ECON201');
INSERT INTO resume (rid, titre, description, date_publication, version, visibilite, uid, code_cours) VALUES (12, 'Anglais académique - notes de cours', 'Resume du cours LANG100 : Anglais académique - notes de cours', '2025-10-12', 1, 'public', 6, 'LANG100');
INSERT INTO resume (rid, titre, description, date_publication, version, visibilite, uid, code_cours) VALUES (13, 'Physique générale - synthèse', 'Resume du cours PHYS100 : Physique générale - synthèse', '2025-10-02', 1, 'public', 7, 'PHYS100');
INSERT INTO resume (rid, titre, description, date_publication, version, visibilite, uid, code_cours) VALUES (14, 'Mécanique classique', 'Resume du cours PHYS101 : Mécanique classique', '2025-10-14', 1, 'public', 7, 'PHYS101');
INSERT INTO resume (rid, titre, description, date_publication, version, visibilite, uid, code_cours) VALUES (15, 'Thermodynamique résumé', 'Resume du cours PHYS200 : Thermodynamique résumé', '2025-10-25', 1, 'public', 7, 'PHYS200');
INSERT INTO resume (rid, titre, description, date_publication, version, visibilite, uid, code_cours) VALUES (16, 'Introduction au management', 'Resume du cours MGMT100 : Introduction au management', '2025-10-09', 1, 'public', 8, 'MGMT100');
INSERT INTO resume (rid, titre, description, date_publication, version, visibilite, uid, code_cours) VALUES (17, 'Gestion de projet - méthodes agiles', 'Resume du cours MGMT200 : Gestion de projet - méthodes agiles', '2025-10-19', 1, 'public', 8, 'MGMT200');
INSERT INTO resume (rid, titre, description, date_publication, version, visibilite, uid, code_cours) VALUES (18, 'Sécurité informatique - concepts clés', 'Resume du cours INFOH302 : Sécurité informatique - concepts clés', '2025-09-30', 1, 'public', 9, 'INFOH302');
INSERT INTO resume (rid, titre, description, date_publication, version, visibilite, uid, code_cours) VALUES (19, 'Cloud computing synthèse', 'Resume du cours INFOH308 : Cloud computing synthèse', '2025-10-11', 1, 'public', 9, 'INFOH308');
INSERT INTO resume (rid, titre, description, date_publication, version, visibilite, uid, code_cours) VALUES (20, 'Big Data - technologies et usages', 'Resume du cours INFOH309 : Big Data - technologies et usages', '2025-10-23', 1, 'public', 9, 'INFOH309');
INSERT INTO resume (rid, titre, description, date_publication, version, visibilite, uid, code_cours) VALUES (21, 'Algorithmique de base', 'Resume du cours INFOH101 : Algorithmique de base', '2025-10-16', 1, 'public', 10, 'INFOH101');
INSERT INTO resume (rid, titre, description, date_publication, version, visibilite, uid, code_cours) VALUES (22, 'Anglais avancé - grammaire et style', 'Resume du cours LANG200 : Anglais avancé - grammaire et style', '2025-10-04', 1, 'public', 11, 'LANG200');
INSERT INTO resume (rid, titre, description, date_publication, version, visibilite, uid, code_cours) VALUES (23, 'Rédaction scientifique - guide pratique', 'Resume du cours LANG201 : Rédaction scientifique - guide pratique', '2025-10-17', 1, 'public', 11, 'LANG201');
INSERT INTO resume (rid, titre, description, date_publication, version, visibilite, uid, code_cours) VALUES (24, 'POO - concepts fondamentaux', 'Resume du cours INFOH200 : POO - concepts fondamentaux', '2025-10-07', 1, 'public', 12, 'INFOH200');
INSERT INTO resume (rid, titre, description, date_publication, version, visibilite, uid, code_cours) VALUES (25, 'Développement web - HTML/CSS/JS', 'Resume du cours INFOH202 : Développement web - HTML/CSS/JS', '2025-10-18', 1, 'public', 12, 'INFOH202');
INSERT INTO resume (rid, titre, description, date_publication, version, visibilite, uid, code_cours) VALUES (26, 'Analyse 1 - intégrales et dérivées', 'Resume du cours MATH101 : Analyse 1 - intégrales et dérivées', '2025-10-13', 1, 'public', 13, 'MATH101');
INSERT INTO resume (rid, titre, description, date_publication, version, visibilite, uid, code_cours) VALUES (27, 'Analyse 2 - suites et séries', 'Resume du cours MATH102 : Analyse 2 - suites et séries', '2025-10-24', 1, 'public', 13, 'MATH102');
INSERT INTO resume (rid, titre, description, date_publication, version, visibilite, uid, code_cours) VALUES (28, 'Entrepreneuriat - de l''idée au projet', 'Resume du cours MGMT201 : Entrepreneuriat - de l''idée au projet', '2025-10-21', 1, 'public', 15, 'MGMT201');
INSERT INTO resume (rid, titre, description, date_publication, version, visibilite, uid, code_cours) VALUES (29, 'Management stratégique synthèse', 'Resume du cours MGMT202 : Management stratégique synthèse', '2025-10-28', 1, 'public', 15, 'MGMT202');
INSERT INTO resume (rid, titre, description, date_publication, version, visibilite, uid, code_cours) VALUES (30, 'Systèmes d''exploitation - processus et mémoire', 'Resume du cours INFOH300 : Systèmes d''exploitation - processus et mémoire', '2025-10-10', 1, 'public', 16, 'INFOH300');
INSERT INTO resume (rid, titre, description, date_publication, version, visibilite, uid, code_cours) VALUES (31, 'Réseaux - protocoles essentiels', 'Resume du cours INFOH301 : Réseaux - protocoles essentiels', '2025-10-20', 1, 'public', 16, 'INFOH301');
INSERT INTO resume (rid, titre, description, date_publication, version, visibilite, uid, code_cours) VALUES (32, 'Électricité et magnétisme - fiches', 'Resume du cours PHYS102 : Électricité et magnétisme - fiches', '2025-10-26', 1, 'public', 17, 'PHYS102');
INSERT INTO resume (rid, titre, description, date_publication, version, visibilite, uid, code_cours) VALUES (33, 'Génie logiciel - design patterns', 'Resume du cours INFOH304 : Génie logiciel - design patterns', '2025-10-08', 1, 'public', 18, 'INFOH304');
INSERT INTO resume (rid, titre, description, date_publication, version, visibilite, uid, code_cours) VALUES (34, 'Compilation - analyseurs et grammaires', 'Resume du cours INFOH306 : Compilation - analyseurs et grammaires', '2025-10-15', 1, 'public', 18, 'INFOH306');
INSERT INTO resume (rid, titre, description, date_publication, version, visibilite, uid, code_cours) VALUES (35, 'Programmation concurrente - threads et locks', 'Resume du cours INFOH307 : Programmation concurrente - threads et locks', '2025-10-27', 1, 'public', 18, 'INFOH307');
INSERT INTO resume (rid, titre, description, date_publication, version, visibilite, uid, code_cours) VALUES (36, 'Macroéconomie - indicateurs clés', 'Resume du cours ECON102 : Macroéconomie - indicateurs clés', '2025-10-22', 1, 'public', 19, 'ECON102');
INSERT INTO resume (rid, titre, description, date_publication, version, visibilite, uid, code_cours) VALUES (37, 'Vision par ordinateur - réseaux de neurones', 'Resume du cours INFOH312 : Vision par ordinateur - réseaux de neurones', '2025-10-12', 1, 'public', 20, 'INFOH312');
INSERT INTO resume (rid, titre, description, date_publication, version, visibilite, uid, code_cours) VALUES (38, 'Intelligence artificielle avancée', 'Resume du cours INFOH311 : Intelligence artificielle avancée', '2025-10-23', 1, 'public', 20, 'INFOH311');
INSERT INTO resume (rid, titre, description, date_publication, version, visibilite, uid, code_cours) VALUES (39, 'Communication écrite - conseils pratiques', 'Resume du cours LANG101 : Communication écrite - conseils pratiques', '2025-10-29', 1, 'public', 21, 'LANG101');
INSERT INTO resume (rid, titre, description, date_publication, version, visibilite, uid, code_cours) VALUES (40, 'Statistiques - estimateurs et tests', 'Resume du cours MATH204 : Statistiques - estimateurs et tests', '2025-10-16', 1, 'public', 22, 'MATH204');
INSERT INTO resume (rid, titre, description, date_publication, version, visibilite, uid, code_cours) VALUES (41, 'Processus stochastiques - chaînes de Markov', 'Resume du cours MATH202 : Processus stochastiques - chaînes de Markov', '2025-10-26', 1, 'public', 22, 'MATH202');
INSERT INTO resume (rid, titre, description, date_publication, version, visibilite, uid, code_cours) VALUES (42, 'Bases de données avancées - optimisation', 'Resume du cours INFOH203 : Bases de données avancées - optimisation', '2025-10-14', 1, 'public', 23, 'INFOH203');
INSERT INTO resume (rid, titre, description, date_publication, version, visibilite, uid, code_cours) VALUES (43, 'SQL avancé - requêtes complexes', 'Resume du cours INFOH303 : SQL avancé - requêtes complexes', '2025-10-24', 1, 'public', 23, 'INFOH303');
INSERT INTO resume (rid, titre, description, date_publication, version, visibilite, uid, code_cours) VALUES (44, 'Architecture des ordinateurs - pipeline', 'Resume du cours INFOH305 : Architecture des ordinateurs - pipeline', '2025-11-01', 1, 'public', 23, 'INFOH305');
INSERT INTO resume (rid, titre, description, date_publication, version, visibilite, uid, code_cours) VALUES (45, 'Optique - ondes et lentilles', 'Resume du cours PHYS201 : Optique - ondes et lentilles', '2025-10-18', 1, 'public', 25, 'PHYS201');
INSERT INTO resume (rid, titre, description, date_publication, version, visibilite, uid, code_cours) VALUES (46, 'Électromagnétisme - loi de Gauss', 'Resume du cours PHYS102 : Électromagnétisme - loi de Gauss', '2025-10-28', 1, 'public', 25, 'PHYS102');
INSERT INTO resume (rid, titre, description, date_publication, version, visibilite, uid, code_cours) VALUES (47, 'Structures de données - arbres et graphes', 'Resume du cours INFOH102 : Structures de données - arbres et graphes', '2025-10-31', 1, 'public', 26, 'INFOH102');
INSERT INTO resume (rid, titre, description, date_publication, version, visibilite, uid, code_cours) VALUES (48, 'Programmation avancée - récursivité', 'Resume du cours INFOH201 : Programmation avancée - récursivité', '2025-11-05', 1, 'public', 26, 'INFOH201');
INSERT INTO resume (rid, titre, description, date_publication, version, visibilite, uid, code_cours) VALUES (49, 'Communication orale - prise de parole en public', 'Resume du cours LANG102 : Communication orale - prise de parole en public', '2025-10-19', 1, 'public', 27, 'LANG102');
INSERT INTO resume (rid, titre, description, date_publication, version, visibilite, uid, code_cours) VALUES (50, 'Rédaction scientifique - structure d''un article', 'Resume du cours LANG201 : Rédaction scientifique - structure d''un article', '2025-10-29', 1, 'public', 27, 'LANG201');
INSERT INTO resume (rid, titre, description, date_publication, version, visibilite, uid, code_cours) VALUES (51, 'Microéconomie - offre et demande', 'Resume du cours ECON101 : Microéconomie - offre et demande', '2025-10-21', 1, 'public', 29, 'ECON101');
INSERT INTO resume (rid, titre, description, date_publication, version, visibilite, uid, code_cours) VALUES (52, 'Macroéconomie - modèle IS-LM', 'Resume du cours ECON102 : Macroéconomie - modèle IS-LM', '2025-11-02', 1, 'public', 29, 'ECON102');
INSERT INTO resume (rid, titre, description, date_publication, version, visibilite, uid, code_cours) VALUES (53, 'Économie internationale - balance des paiements', 'Resume du cours ECON200 : Économie internationale - balance des paiements', '2025-11-08', 1, 'public', 29, 'ECON200');
INSERT INTO resume (rid, titre, description, date_publication, version, visibilite, uid, code_cours) VALUES (54, 'Architecture des ordinateurs - mémoire cache', 'Resume du cours INFOH305 : Architecture des ordinateurs - mémoire cache', '2025-11-03', 1, 'public', 30, 'INFOH305');
INSERT INTO resume (rid, titre, description, date_publication, version, visibilite, uid, code_cours) VALUES (55, 'Machine learning - supervisé et non supervisé', 'Resume du cours INFOH310 : Machine learning - supervisé et non supervisé', '2025-10-25', 1, 'public', 31, 'INFOH310');
INSERT INTO resume (rid, titre, description, date_publication, version, visibilite, uid, code_cours) VALUES (56, 'Vision par ordinateur - CNN avancés', 'Resume du cours INFOH312 : Vision par ordinateur - CNN avancés', '2025-11-04', 1, 'public', 31, 'INFOH312');
INSERT INTO resume (rid, titre, description, date_publication, version, visibilite, uid, code_cours) VALUES (57, 'IA - planification et recherche heuristique', 'Resume du cours INFOH311 : IA - planification et recherche heuristique', '2025-11-10', 1, 'public', 31, 'INFOH311');
INSERT INTO resume (rid, titre, description, date_publication, version, visibilite, uid, code_cours) VALUES (58, 'Maths discrètes - graphes et combinatoire', 'Resume du cours MATH100 : Maths discrètes - graphes et combinatoire', '2025-11-06', 1, 'public', 32, 'MATH100');
INSERT INTO resume (rid, titre, description, date_publication, version, visibilite, uid, code_cours) VALUES (59, 'Gestion de projet - PRINCE2 et PMI', 'Resume du cours MGMT200 : Gestion de projet - PRINCE2 et PMI', '2025-10-27', 1, 'public', 33, 'MGMT200');
INSERT INTO resume (rid, titre, description, date_publication, version, visibilite, uid, code_cours) VALUES (60, 'Management stratégique - analyse SWOT', 'Resume du cours MGMT202 : Management stratégique - analyse SWOT', '2025-11-07', 1, 'public', 33, 'MGMT202');
INSERT INTO resume (rid, titre, description, date_publication, version, visibilite, uid, code_cours) VALUES (61, 'Physique générale - mécanique newtonienne', 'Resume du cours PHYS100 : Physique générale - mécanique newtonienne', '2025-11-01', 1, 'public', 34, 'PHYS100');
INSERT INTO resume (rid, titre, description, date_publication, version, visibilite, uid, code_cours) VALUES (62, 'Thermodynamique - cycles et entropie', 'Resume du cours PHYS200 : Thermodynamique - cycles et entropie', '2025-11-09', 1, 'public', 34, 'PHYS200');
INSERT INTO resume (rid, titre, description, date_publication, version, visibilite, uid, code_cours) VALUES (63, 'Sécurité - cryptographie et protocoles', 'Resume du cours INFOH302 : Sécurité - cryptographie et protocoles', '2025-11-02', 1, 'public', 36, 'INFOH302');
INSERT INTO resume (rid, titre, description, date_publication, version, visibilite, uid, code_cours) VALUES (64, 'Réseaux - TCP/IP en profondeur', 'Resume du cours INFOH301 : Réseaux - TCP/IP en profondeur', '2025-11-11', 1, 'public', 36, 'INFOH301');
INSERT INTO resume (rid, titre, description, date_publication, version, visibilite, uid, code_cours) VALUES (65, 'Anglais académique - vocabulaire essentiel', 'Resume du cours LANG100 : Anglais académique - vocabulaire essentiel', '2025-11-06', 1, 'public', 37, 'LANG100');
INSERT INTO resume (rid, titre, description, date_publication, version, visibilite, uid, code_cours) VALUES (66, 'Probabilités - variables aléatoires continues', 'Resume du cours MATH201 : Probabilités - variables aléatoires continues', '2025-11-04', 1, 'public', 38, 'MATH201');
INSERT INTO resume (rid, titre, description, date_publication, version, visibilite, uid, code_cours) VALUES (67, 'Statistiques - régression et corrélation', 'Resume du cours MATH202 : Statistiques - régression et corrélation', '2025-11-12', 1, 'public', 38, 'MATH202');
INSERT INTO resume (rid, titre, description, date_publication, version, visibilite, uid, code_cours) VALUES (68, 'Optimisation - méthodes numériques', 'Resume du cours MATH204 : Optimisation - méthodes numériques', '2025-11-18', 1, 'public', 38, 'MATH204');
INSERT INTO resume (rid, titre, description, date_publication, version, visibilite, uid, code_cours) VALUES (69, 'Management - théories classiques', 'Resume du cours MGMT100 : Management - théories classiques', '2025-11-10', 1, 'public', 39, 'MGMT100');
INSERT INTO resume (rid, titre, description, date_publication, version, visibilite, uid, code_cours) VALUES (70, 'Big Data - Hadoop et Spark', 'Resume du cours INFOH309 : Big Data - Hadoop et Spark', '2025-11-07', 1, 'public', 40, 'INFOH309');
INSERT INTO resume (rid, titre, description, date_publication, version, visibilite, uid, code_cours) VALUES (71, 'Cloud computing - AWS et Azure', 'Resume du cours INFOH308 : Cloud computing - AWS et Azure', '2025-11-14', 1, 'public', 40, 'INFOH308');
INSERT INTO resume (rid, titre, description, date_publication, version, visibilite, uid, code_cours) VALUES (72, 'Microéconomie - élasticité', 'Resume du cours ECON101 : Microéconomie - élasticité', '2025-11-15', 1, 'public', 41, 'ECON101');
INSERT INTO resume (rid, titre, description, date_publication, version, visibilite, uid, code_cours) VALUES (73, 'POO - héritage et polymorphisme', 'Resume du cours INFOH200 : POO - héritage et polymorphisme', '2025-11-08', 1, 'public', 42, 'INFOH200');
INSERT INTO resume (rid, titre, description, date_publication, version, visibilite, uid, code_cours) VALUES (74, 'Programmation avancée - patrons de conception', 'Resume du cours INFOH301 : Programmation avancée - patrons de conception', '2025-11-16', 1, 'public', 42, 'INFOH301');
INSERT INTO resume (rid, titre, description, date_publication, version, visibilite, uid, code_cours) VALUES (75, 'Génie logiciel - tests et qualité', 'Resume du cours INFOH304 : Génie logiciel - tests et qualité', '2025-11-05', 1, 'public', 43, 'INFOH304');
INSERT INTO resume (rid, titre, description, date_publication, version, visibilite, uid, code_cours) VALUES (76, 'Systèmes d''exploitation - ordonnancement', 'Resume du cours INFOH300 : Systèmes d''exploitation - ordonnancement', '2025-11-13', 1, 'public', 43, 'INFOH300');
INSERT INTO resume (rid, titre, description, date_publication, version, visibilite, uid, code_cours) VALUES (77, 'Programmation concurrente - deadlocks', 'Resume du cours INFOH307 : Programmation concurrente - deadlocks', '2025-11-19', 1, 'public', 43, 'INFOH307');
INSERT INTO resume (rid, titre, description, date_publication, version, visibilite, uid, code_cours) VALUES (78, 'Analyse 1 - limites et continuité', 'Resume du cours MATH101 : Analyse 1 - limites et continuité', '2025-11-11', 1, 'public', 44, 'MATH101');
INSERT INTO resume (rid, titre, description, date_publication, version, visibilite, uid, code_cours) VALUES (79, 'Mécanique - dynamique et cinématique', 'Resume du cours PHYS101 : Mécanique - dynamique et cinématique', '2025-11-09', 1, 'public', 45, 'PHYS101');
INSERT INTO resume (rid, titre, description, date_publication, version, visibilite, uid, code_cours) VALUES (80, 'Optique - interférences et diffraction', 'Resume du cours PHYS201 : Optique - interférences et diffraction', '2025-11-17', 1, 'public', 45, 'PHYS201');
INSERT INTO resume (rid, titre, description, date_publication, version, visibilite, uid, code_cours) VALUES (81, 'Entrepreneuriat - business model canvas', 'Resume du cours MGMT201 : Entrepreneuriat - business model canvas', '2025-11-14', 1, 'public', 46, 'MGMT201');
INSERT INTO resume (rid, titre, description, date_publication, version, visibilite, uid, code_cours) VALUES (82, 'Économétrie - moindres carrés ordinaires', 'Resume du cours ECON201 : Économétrie - moindres carrés ordinaires', '2025-11-12', 1, 'public', 47, 'ECON201');
INSERT INTO resume (rid, titre, description, date_publication, version, visibilite, uid, code_cours) VALUES (83, 'Économie internationale - commerce et tarifs', 'Resume du cours ECON200 : Économie internationale - commerce et tarifs', '2025-11-20', 1, 'public', 47, 'ECON200');
INSERT INTO resume (rid, titre, description, date_publication, version, visibilite, uid, code_cours) VALUES (84, 'Structures de données - listes chaînées', 'Resume du cours INFOH102 : Structures de données - listes chaînées', '2025-11-15', 1, 'public', 48, 'INFOH102');
INSERT INTO resume (rid, titre, description, date_publication, version, visibilite, uid, code_cours) VALUES (85, 'Programmation - fonctions et modules', 'Resume du cours INFOH100 : Programmation - fonctions et modules', '2025-11-21', 1, 'public', 48, 'INFOH100');
INSERT INTO resume (rid, titre, description, date_publication, version, visibilite, uid, code_cours) VALUES (86, 'Compilation - automates et langages formels', 'Resume du cours INFOH306 : Compilation - automates et langages formels', '2025-11-13', 1, 'public', 49, 'INFOH306');
INSERT INTO resume (rid, titre, description, date_publication, version, visibilite, uid, code_cours) VALUES (87, 'Architecture - jeux d''instructions RISC/CISC', 'Resume du cours INFOH305 : Architecture - jeux d''instructions RISC/CISC', '2025-11-19', 1, 'public', 49, 'INFOH305');
INSERT INTO resume (rid, titre, description, date_publication, version, visibilite, uid, code_cours) VALUES (88, 'Systèmes d''exploitation - virtualisation', 'Resume du cours INFOH300 : Systèmes d''exploitation - virtualisation', '2025-11-24', 1, 'public', 49, 'INFOH300');
INSERT INTO resume (rid, titre, description, date_publication, version, visibilite, uid, code_cours) VALUES (89, 'Communication orale - argumentation', 'Resume du cours LANG102 : Communication orale - argumentation', '2025-11-18', 1, 'public', 50, 'LANG102');

-- ===== Evaluations =====
INSERT INTO evaluation (eid, note, commentaire, date_eval, uid, rid) VALUES (1, 5, 'Très clair !', '2025-10-22', 42, 1);
INSERT INTO evaluation (eid, note, commentaire, date_eval, uid, rid) VALUES (2, 4, 'Bon résumé', '2025-10-14', 9, 2);
INSERT INTO evaluation (eid, note, commentaire, date_eval, uid, rid) VALUES (3, 4, 'Bien structuré', '2025-10-06', 3, 3);
INSERT INTO evaluation (eid, note, commentaire, date_eval, uid, rid) VALUES (4, 4, 'Très utile pour la révision', '2025-11-13', 49, 4);
INSERT INTO evaluation (eid, note, commentaire, date_eval, uid, rid) VALUES (5, 5, 'Exceptionnel, merci !', '2025-10-04', 19, 5);
INSERT INTO evaluation (eid, note, commentaire, date_eval, uid, rid) VALUES (6, 5, 'Le meilleur résumé du cours', '2025-10-11', 17, 6);
INSERT INTO evaluation (eid, note, commentaire, date_eval, uid, rid) VALUES (7, 4, 'Très complet', '2025-10-23', 16, 7);
INSERT INTO evaluation (eid, note, commentaire, date_eval, uid, rid) VALUES (8, 3, 'Correct mais peut être amélioré', '2025-10-13', 10, 8);
INSERT INTO evaluation (eid, note, commentaire, date_eval, uid, rid) VALUES (9, 4, 'Assez utile', '2025-11-01', 49, 8);
INSERT INTO evaluation (eid, note, commentaire, date_eval, uid, rid) VALUES (10, 5, 'Parfait, tout est expliqué', '2025-10-02', 8, 9);
INSERT INTO evaluation (eid, note, commentaire, date_eval, uid, rid) VALUES (11, 5, 'Incroyable travail', '2025-10-28', 45, 10);
INSERT INTO evaluation (eid, note, commentaire, date_eval, uid, rid) VALUES (12, 5, 'Je recommande vivement', '2025-11-15', 49, 11);
INSERT INTO evaluation (eid, note, commentaire, date_eval, uid, rid) VALUES (13, 3, 'Peut mieux faire', '2025-11-10', 36, 12);
INSERT INTO evaluation (eid, note, commentaire, date_eval, uid, rid) VALUES (14, 5, 'Résumé de grande qualité', '2025-10-20', 6, 13);
INSERT INTO evaluation (eid, note, commentaire, date_eval, uid, rid) VALUES (15, 4, 'Bien expliqué', '2025-10-17', 39, 14);
INSERT INTO evaluation (eid, note, commentaire, date_eval, uid, rid) VALUES (16, 4, 'Bonne synthèse', '2025-10-28', 29, 16);
INSERT INTO evaluation (eid, note, commentaire, date_eval, uid, rid) VALUES (17, 3, 'Manque quelques détails', '2025-11-02', 3, 17);
INSERT INTO evaluation (eid, note, commentaire, date_eval, uid, rid) VALUES (18, 5, 'Excellent travail', '2025-10-02', 2, 18);
INSERT INTO evaluation (eid, note, commentaire, date_eval, uid, rid) VALUES (19, 5, 'Très bien structuré', '2025-10-12', 6, 19);
INSERT INTO evaluation (eid, note, commentaire, date_eval, uid, rid) VALUES (20, 4, 'Recommandé', '2025-10-26', 15, 20);
INSERT INTO evaluation (eid, note, commentaire, date_eval, uid, rid) VALUES (21, 3, 'Correct', '2025-10-23', 16, 21);
INSERT INTO evaluation (eid, note, commentaire, date_eval, uid, rid) VALUES (22, 4, 'Agréable à lire', '2025-10-24', 34, 21);
INSERT INTO evaluation (eid, note, commentaire, date_eval, uid, rid) VALUES (23, 5, 'Magnifiquement rédigé', '2025-10-21', 40, 22);
INSERT INTO evaluation (eid, note, commentaire, date_eval, uid, rid) VALUES (24, 4, 'Très pédagogique', '2025-11-06', 2, 23);
INSERT INTO evaluation (eid, note, commentaire, date_eval, uid, rid) VALUES (25, 4, 'Bien fait', '2025-10-08', 37, 24);
INSERT INTO evaluation (eid, note, commentaire, date_eval, uid, rid) VALUES (26, 3, 'Pourrait être plus détaillé', '2025-11-05', 14, 25);
INSERT INTO evaluation (eid, note, commentaire, date_eval, uid, rid) VALUES (27, 4, 'Bon contenu', '2025-10-20', 47, 26);
INSERT INTO evaluation (eid, note, commentaire, date_eval, uid, rid) VALUES (28, 5, 'M''a aidée à passer l''exam', '2025-11-16', 43, 27);
INSERT INTO evaluation (eid, note, commentaire, date_eval, uid, rid) VALUES (29, 4, 'Très inspirant', '2025-11-11', 46, 28);
INSERT INTO evaluation (eid, note, commentaire, date_eval, uid, rid) VALUES (30, 4, 'Résumé clair et concis', '2025-11-20', 36, 29);
INSERT INTO evaluation (eid, note, commentaire, date_eval, uid, rid) VALUES (31, 5, 'Top, merci beaucoup', '2025-10-28', 28, 30);
INSERT INTO evaluation (eid, note, commentaire, date_eval, uid, rid) VALUES (32, 4, 'Bien rédigé', '2025-11-03', 15, 31);
INSERT INTO evaluation (eid, note, commentaire, date_eval, uid, rid) VALUES (33, 3, 'Basique mais utile', '2025-11-03', 30, 32);
INSERT INTO evaluation (eid, note, commentaire, date_eval, uid, rid) VALUES (34, 5, 'Incroyable maîtrise du sujet', '2025-10-23', 39, 33);
INSERT INTO evaluation (eid, note, commentaire, date_eval, uid, rid) VALUES (35, 5, 'Référence absolue', '2025-11-03', 19, 34);
INSERT INTO evaluation (eid, note, commentaire, date_eval, uid, rid) VALUES (36, 4, 'Très technique et complet', '2025-11-05', 1, 35);
INSERT INTO evaluation (eid, note, commentaire, date_eval, uid, rid) VALUES (37, 3, 'Acceptable', '2025-11-17', 50, 36);
INSERT INTO evaluation (eid, note, commentaire, date_eval, uid, rid) VALUES (38, 4, 'Bien pour débuter', '2025-11-19', 11, 36);
INSERT INTO evaluation (eid, note, commentaire, date_eval, uid, rid) VALUES (39, 5, 'Vraiment excellent', '2025-10-13', 46, 37);
INSERT INTO evaluation (eid, note, commentaire, date_eval, uid, rid) VALUES (40, 4, 'Très bien fait', '2025-11-17', 29, 38);
INSERT INTO evaluation (eid, note, commentaire, date_eval, uid, rid) VALUES (41, 3, 'Peut être amélioré', '2025-11-24', 23, 39);
INSERT INTO evaluation (eid, note, commentaire, date_eval, uid, rid) VALUES (42, 4, 'Bien structuré', '2025-10-22', 18, 40);
INSERT INTO evaluation (eid, note, commentaire, date_eval, uid, rid) VALUES (43, 4, 'Compréhensible et précis', '2025-11-18', 10, 41);
INSERT INTO evaluation (eid, note, commentaire, date_eval, uid, rid) VALUES (44, 5, 'Le must sur ce sujet', '2025-10-28', 14, 42);
INSERT INTO evaluation (eid, note, commentaire, date_eval, uid, rid) VALUES (45, 5, 'Parfaitement rédigé', '2025-11-04', 50, 43);
INSERT INTO evaluation (eid, note, commentaire, date_eval, uid, rid) VALUES (46, 4, 'Excellent pour réviser', '2025-10-27', 6, 45);
INSERT INTO evaluation (eid, note, commentaire, date_eval, uid, rid) VALUES (47, 5, 'Bravo, très pédagogique', '2025-11-02', 26, 46);
INSERT INTO evaluation (eid, note, commentaire, date_eval, uid, rid) VALUES (48, 4, 'Bien expliqué', '2025-11-07', 7, 47);
INSERT INTO evaluation (eid, note, commentaire, date_eval, uid, rid) VALUES (49, 3, 'Quelques imprécisions', '2025-11-30', 23, 48);
INSERT INTO evaluation (eid, note, commentaire, date_eval, uid, rid) VALUES (50, 4, 'Très bien présenté', '2025-10-30', 23, 49);
INSERT INTO evaluation (eid, note, commentaire, date_eval, uid, rid) VALUES (51, 5, 'Indispensable pour l''oral', '2025-11-02', 40, 50);
INSERT INTO evaluation (eid, note, commentaire, date_eval, uid, rid) VALUES (52, 5, 'Très clair et complet', '2025-10-24', 17, 51);
INSERT INTO evaluation (eid, note, commentaire, date_eval, uid, rid) VALUES (53, 4, 'Bon résumé', '2025-11-15', 3, 52);
INSERT INTO evaluation (eid, note, commentaire, date_eval, uid, rid) VALUES (54, 4, 'Bon niveau de détail', '2025-11-07', 48, 54);
INSERT INTO evaluation (eid, note, commentaire, date_eval, uid, rid) VALUES (55, 3, 'Satisfaisant', '2025-11-15', 31, 54);
INSERT INTO evaluation (eid, note, commentaire, date_eval, uid, rid) VALUES (56, 5, 'Absolument remarquable', '2025-11-22', 36, 55);
INSERT INTO evaluation (eid, note, commentaire, date_eval, uid, rid) VALUES (57, 5, 'Meilleur ressource du site', '2025-11-16', 8, 56);
INSERT INTO evaluation (eid, note, commentaire, date_eval, uid, rid) VALUES (58, 5, 'Passionnant et rigoureux', '2025-11-30', 25, 57);
INSERT INTO evaluation (eid, note, commentaire, date_eval, uid, rid) VALUES (59, 3, 'Passable', '2025-11-15', 6, 58);
INSERT INTO evaluation (eid, note, commentaire, date_eval, uid, rid) VALUES (60, 4, 'Pratique et bien organisé', '2025-11-22', 37, 59);
INSERT INTO evaluation (eid, note, commentaire, date_eval, uid, rid) VALUES (61, 4, 'Merci pour ce résumé', '2025-11-09', 19, 60);
INSERT INTO evaluation (eid, note, commentaire, date_eval, uid, rid) VALUES (62, 4, 'Solide et rigoureux', '2025-11-25', 42, 61);
INSERT INTO evaluation (eid, note, commentaire, date_eval, uid, rid) VALUES (63, 4, 'Très bien', '2025-11-24', 41, 62);
INSERT INTO evaluation (eid, note, commentaire, date_eval, uid, rid) VALUES (64, 5, 'Précis et très utile', '2025-11-20', 24, 63);
INSERT INTO evaluation (eid, note, commentaire, date_eval, uid, rid) VALUES (65, 4, 'Bon travail', '2025-11-15', 38, 64);
INSERT INTO evaluation (eid, note, commentaire, date_eval, uid, rid) VALUES (66, 3, 'Bien pour les débutants', '2025-12-06', 13, 65);
INSERT INTO evaluation (eid, note, commentaire, date_eval, uid, rid) VALUES (67, 4, 'Merci pour le partage', '2025-11-19', 47, 65);
INSERT INTO evaluation (eid, note, commentaire, date_eval, uid, rid) VALUES (68, 5, 'Brillant', '2025-11-07', 5, 66);
INSERT INTO evaluation (eid, note, commentaire, date_eval, uid, rid) VALUES (69, 5, 'Très haute qualité', '2025-11-30', 3, 67);
INSERT INTO evaluation (eid, note, commentaire, date_eval, uid, rid) VALUES (70, 3, 'Résumé correct', '2025-11-20', 44, 69);
INSERT INTO evaluation (eid, note, commentaire, date_eval, uid, rid) VALUES (71, 5, 'Moderne et très complet', '2025-12-04', 15, 70);
INSERT INTO evaluation (eid, note, commentaire, date_eval, uid, rid) VALUES (72, 4, 'Bien sourcé', '2025-12-05', 19, 71);
INSERT INTO evaluation (eid, note, commentaire, date_eval, uid, rid) VALUES (73, 3, 'Basique mais utile', '2025-12-05', 6, 72);
INSERT INTO evaluation (eid, note, commentaire, date_eval, uid, rid) VALUES (74, 4, 'Clair et structuré', '2025-12-07', 15, 73);
INSERT INTO evaluation (eid, note, commentaire, date_eval, uid, rid) VALUES (75, 4, 'Très utile pour le projet', '2025-12-14', 7, 74);
INSERT INTO evaluation (eid, note, commentaire, date_eval, uid, rid) VALUES (76, 5, 'Rien à redire, parfait', '2025-11-17', 25, 75);
INSERT INTO evaluation (eid, note, commentaire, date_eval, uid, rid) VALUES (77, 5, 'Référence pour tout le promo', '2025-12-02', 18, 76);
INSERT INTO evaluation (eid, note, commentaire, date_eval, uid, rid) VALUES (78, 5, 'Merci énormément', '2025-11-26', 30, 77);
INSERT INTO evaluation (eid, note, commentaire, date_eval, uid, rid) VALUES (79, 4, 'Bon début', '2025-12-04', 41, 78);
INSERT INTO evaluation (eid, note, commentaire, date_eval, uid, rid) VALUES (80, 3, 'Quelques erreurs mais utile', '2025-11-14', 24, 78);
INSERT INTO evaluation (eid, note, commentaire, date_eval, uid, rid) VALUES (81, 4, 'Bien rédigé et clair', '2025-11-11', 11, 79);
INSERT INTO evaluation (eid, note, commentaire, date_eval, uid, rid) VALUES (82, 4, 'Très bon résumé', '2025-12-09', 24, 80);
INSERT INTO evaluation (eid, note, commentaire, date_eval, uid, rid) VALUES (83, 3, 'Peut être développé davantage', '2025-11-22', 23, 81);
INSERT INTO evaluation (eid, note, commentaire, date_eval, uid, rid) VALUES (84, 4, 'Très complet', '2025-12-07', 14, 82);
INSERT INTO evaluation (eid, note, commentaire, date_eval, uid, rid) VALUES (85, 5, 'Excellent pour les révisions', '2025-11-30', 43, 83);
INSERT INTO evaluation (eid, note, commentaire, date_eval, uid, rid) VALUES (86, 4, 'Bien fait pour ce niveau', '2025-11-18', 18, 84);
INSERT INTO evaluation (eid, note, commentaire, date_eval, uid, rid) VALUES (87, 3, 'Correct mais incomplet', '2025-12-19', 45, 85);
INSERT INTO evaluation (eid, note, commentaire, date_eval, uid, rid) VALUES (88, 5, 'Très impressionnant', '2025-11-21', 44, 86);
INSERT INTO evaluation (eid, note, commentaire, date_eval, uid, rid) VALUES (89, 5, 'Super qualité', '2025-12-17', 42, 87);
INSERT INTO evaluation (eid, note, commentaire, date_eval, uid, rid) VALUES (90, 4, 'Complet et bien structuré', '2025-11-28', 5, 88);
INSERT INTO evaluation (eid, note, commentaire, date_eval, uid, rid) VALUES (91, 4, 'Agréable à lire', '2025-12-01', 39, 89);
INSERT INTO evaluation (eid, note, commentaire, date_eval, uid, rid) VALUES (92, 3, 'Bien pour une première fois', '2025-11-27', 41, 89);

-- ===== Possessions =====
INSERT INTO possession (uid, oid, date_achat, est_actif) VALUES (1, 6, '2025-09-15', TRUE);
INSERT INTO possession (uid, oid, date_achat, est_actif) VALUES (1, 23, '2025-09-15', FALSE);
INSERT INTO possession (uid, oid, date_achat, est_actif) VALUES (2, 31, '2025-09-17', TRUE);
INSERT INTO possession (uid, oid, date_achat, est_actif) VALUES (2, 28, '2025-09-17', TRUE);
INSERT INTO possession (uid, oid, date_achat, est_actif) VALUES (3, 7, '2025-09-18', TRUE);
INSERT INTO possession (uid, oid, date_achat, est_actif) VALUES (3, 32, '2025-09-18', FALSE);
INSERT INTO possession (uid, oid, date_achat, est_actif) VALUES (3, 24, '2025-09-18', FALSE);
INSERT INTO possession (uid, oid, date_achat, est_actif) VALUES (3, 25, '2025-09-18', FALSE);
INSERT INTO possession (uid, oid, date_achat, est_actif) VALUES (4, 3, '2025-09-20', FALSE);
INSERT INTO possession (uid, oid, date_achat, est_actif) VALUES (4, 13, '2025-09-20', FALSE);
INSERT INTO possession (uid, oid, date_achat, est_actif) VALUES (5, 8, '2025-09-22', TRUE);
INSERT INTO possession (uid, oid, date_achat, est_actif) VALUES (5, 34, '2025-09-22', TRUE);
INSERT INTO possession (uid, oid, date_achat, est_actif) VALUES (5, 41, '2025-09-22', FALSE);
INSERT INTO possession (uid, oid, date_achat, est_actif) VALUES (5, 45, '2025-09-22', FALSE);
INSERT INTO possession (uid, oid, date_achat, est_actif) VALUES (5, 39, '2025-09-22', FALSE);
INSERT INTO possession (uid, oid, date_achat, est_actif) VALUES (6, 1, '2025-09-23', FALSE);
INSERT INTO possession (uid, oid, date_achat, est_actif) VALUES (6, 22, '2025-09-23', FALSE);
INSERT INTO possession (uid, oid, date_achat, est_actif) VALUES (7, 29, '2025-09-24', FALSE);
INSERT INTO possession (uid, oid, date_achat, est_actif) VALUES (7, 33, '2025-09-24', FALSE);
INSERT INTO possession (uid, oid, date_achat, est_actif) VALUES (7, 26, '2025-09-24', FALSE);
INSERT INTO possession (uid, oid, date_achat, est_actif) VALUES (7, 15, '2025-09-24', FALSE);
INSERT INTO possession (uid, oid, date_achat, est_actif) VALUES (8, 3, '2025-09-25', FALSE);
INSERT INTO possession (uid, oid, date_achat, est_actif) VALUES (8, 42, '2025-09-25', FALSE);
INSERT INTO possession (uid, oid, date_achat, est_actif) VALUES (8, 16, '2025-09-25', FALSE);
INSERT INTO possession (uid, oid, date_achat, est_actif) VALUES (9, 40, '2025-09-26', TRUE);
INSERT INTO possession (uid, oid, date_achat, est_actif) VALUES (9, 20, '2025-09-26', TRUE);
INSERT INTO possession (uid, oid, date_achat, est_actif) VALUES (9, 24, '2025-09-26', FALSE);
INSERT INTO possession (uid, oid, date_achat, est_actif) VALUES (9, 38, '2025-09-26', FALSE);
INSERT INTO possession (uid, oid, date_achat, est_actif) VALUES (9, 27, '2025-09-26', FALSE);
INSERT INTO possession (uid, oid, date_achat, est_actif) VALUES (10, 2, '2025-09-27', FALSE);
INSERT INTO possession (uid, oid, date_achat, est_actif) VALUES (10, 42, '2025-09-27', FALSE);
INSERT INTO possession (uid, oid, date_achat, est_actif) VALUES (11, 7, '2025-09-28', FALSE);
INSERT INTO possession (uid, oid, date_achat, est_actif) VALUES (11, 44, '2025-09-28', FALSE);
INSERT INTO possession (uid, oid, date_achat, est_actif) VALUES (11, 12, '2025-09-28', FALSE);
INSERT INTO possession (uid, oid, date_achat, est_actif) VALUES (12, 3, '2025-09-29', FALSE);
INSERT INTO possession (uid, oid, date_achat, est_actif) VALUES (12, 35, '2025-09-29', FALSE);
INSERT INTO possession (uid, oid, date_achat, est_actif) VALUES (12, 43, '2025-09-29', FALSE);
INSERT INTO possession (uid, oid, date_achat, est_actif) VALUES (13, 6, '2025-10-01', FALSE);
INSERT INTO possession (uid, oid, date_achat, est_actif) VALUES (13, 5, '2025-10-01', FALSE);
INSERT INTO possession (uid, oid, date_achat, est_actif) VALUES (13, 17, '2025-10-01', FALSE);
INSERT INTO possession (uid, oid, date_achat, est_actif) VALUES (14, 1, '2025-10-02', FALSE);
INSERT INTO possession (uid, oid, date_achat, est_actif) VALUES (15, 4, '2025-10-03', FALSE);
INSERT INTO possession (uid, oid, date_achat, est_actif) VALUES (15, 37, '2025-10-03', FALSE);
INSERT INTO possession (uid, oid, date_achat, est_actif) VALUES (15, 9, '2025-10-03', FALSE);
INSERT INTO possession (uid, oid, date_achat, est_actif) VALUES (16, 29, '2025-10-04', FALSE);
INSERT INTO possession (uid, oid, date_achat, est_actif) VALUES (16, 19, '2025-10-04', FALSE);
INSERT INTO possession (uid, oid, date_achat, est_actif) VALUES (16, 11, '2025-10-04', FALSE);
INSERT INTO possession (uid, oid, date_achat, est_actif) VALUES (17, 2, '2025-10-05', FALSE);
INSERT INTO possession (uid, oid, date_achat, est_actif) VALUES (17, 36, '2025-10-05', FALSE);
INSERT INTO possession (uid, oid, date_achat, est_actif) VALUES (18, 30, '2025-10-06', FALSE);
INSERT INTO possession (uid, oid, date_achat, est_actif) VALUES (18, 21, '2025-10-06', FALSE);
INSERT INTO possession (uid, oid, date_achat, est_actif) VALUES (18, 45, '2025-10-06', FALSE);
INSERT INTO possession (uid, oid, date_achat, est_actif) VALUES (18, 24, '2025-10-06', FALSE);
INSERT INTO possession (uid, oid, date_achat, est_actif) VALUES (19, 3, '2025-10-07', FALSE);
INSERT INTO possession (uid, oid, date_achat, est_actif) VALUES (19, 42, '2025-10-07', FALSE);
INSERT INTO possession (uid, oid, date_achat, est_actif) VALUES (19, 10, '2025-10-07', FALSE);
INSERT INTO possession (uid, oid, date_achat, est_actif) VALUES (20, 6, '2025-10-08', FALSE);
INSERT INTO possession (uid, oid, date_achat, est_actif) VALUES (20, 31, '2025-10-08', FALSE);
INSERT INTO possession (uid, oid, date_achat, est_actif) VALUES (20, 26, '2025-10-08', FALSE);
INSERT INTO possession (uid, oid, date_achat, est_actif) VALUES (20, 38, '2025-10-08', FALSE);
INSERT INTO possession (uid, oid, date_achat, est_actif) VALUES (21, 1, '2025-10-09', FALSE);
INSERT INTO possession (uid, oid, date_achat, est_actif) VALUES (22, 28, '2025-10-10', FALSE);
INSERT INTO possession (uid, oid, date_achat, est_actif) VALUES (22, 32, '2025-10-10', FALSE);
INSERT INTO possession (uid, oid, date_achat, est_actif) VALUES (22, 17, '2025-10-10', FALSE);
INSERT INTO possession (uid, oid, date_achat, est_actif) VALUES (23, 7, '2025-10-11', FALSE);
INSERT INTO possession (uid, oid, date_achat, est_actif) VALUES (23, 5, '2025-10-11', FALSE);
INSERT INTO possession (uid, oid, date_achat, est_actif) VALUES (23, 20, '2025-10-11', FALSE);
INSERT INTO possession (uid, oid, date_achat, est_actif) VALUES (23, 25, '2025-10-11', FALSE);
INSERT INTO possession (uid, oid, date_achat, est_actif) VALUES (24, 3, '2025-10-12', FALSE);
INSERT INTO possession (uid, oid, date_achat, est_actif) VALUES (24, 16, '2025-10-12', FALSE);
INSERT INTO possession (uid, oid, date_achat, est_actif) VALUES (25, 6, '2025-10-13', FALSE);
INSERT INTO possession (uid, oid, date_achat, est_actif) VALUES (25, 33, '2025-10-13', FALSE);
INSERT INTO possession (uid, oid, date_achat, est_actif) VALUES (25, 12, '2025-10-13', FALSE);
INSERT INTO possession (uid, oid, date_achat, est_actif) VALUES (25, 44, '2025-10-13', FALSE);
INSERT INTO possession (uid, oid, date_achat, est_actif) VALUES (26, 4, '2025-10-14', FALSE);
INSERT INTO possession (uid, oid, date_achat, est_actif) VALUES (26, 35, '2025-10-14', FALSE);
INSERT INTO possession (uid, oid, date_achat, est_actif) VALUES (26, 43, '2025-10-14', FALSE);
INSERT INTO possession (uid, oid, date_achat, est_actif) VALUES (27, 29, '2025-10-15', FALSE);
INSERT INTO possession (uid, oid, date_achat, est_actif) VALUES (27, 23, '2025-10-15', FALSE);
INSERT INTO possession (uid, oid, date_achat, est_actif) VALUES (27, 27, '2025-10-15', FALSE);
INSERT INTO possession (uid, oid, date_achat, est_actif) VALUES (28, 1, '2025-10-16', FALSE);
INSERT INTO possession (uid, oid, date_achat, est_actif) VALUES (29, 34, '2025-10-17', FALSE);
INSERT INTO possession (uid, oid, date_achat, est_actif) VALUES (29, 39, '2025-10-17', FALSE);
INSERT INTO possession (uid, oid, date_achat, est_actif) VALUES (30, 4, '2025-10-18', FALSE);
INSERT INTO possession (uid, oid, date_achat, est_actif) VALUES (30, 18, '2025-10-18', FALSE);
INSERT INTO possession (uid, oid, date_achat, est_actif) VALUES (30, 15, '2025-10-18', FALSE);
INSERT INTO possession (uid, oid, date_achat, est_actif) VALUES (31, 40, '2025-10-19', FALSE);
INSERT INTO possession (uid, oid, date_achat, est_actif) VALUES (31, 31, '2025-10-19', FALSE);
INSERT INTO possession (uid, oid, date_achat, est_actif) VALUES (31, 21, '2025-10-19', FALSE);
INSERT INTO possession (uid, oid, date_achat, est_actif) VALUES (31, 45, '2025-10-19', FALSE);
INSERT INTO possession (uid, oid, date_achat, est_actif) VALUES (31, 38, '2025-10-19', FALSE);
INSERT INTO possession (uid, oid, date_achat, est_actif) VALUES (32, 2, '2025-10-20', FALSE);
INSERT INTO possession (uid, oid, date_achat, est_actif) VALUES (32, 22, '2025-10-20', FALSE);
INSERT INTO possession (uid, oid, date_achat, est_actif) VALUES (33, 6, '2025-10-21', FALSE);
INSERT INTO possession (uid, oid, date_achat, est_actif) VALUES (33, 14, '2025-10-21', FALSE);
INSERT INTO possession (uid, oid, date_achat, est_actif) VALUES (33, 42, '2025-10-21', FALSE);
INSERT INTO possession (uid, oid, date_achat, est_actif) VALUES (33, 9, '2025-10-21', FALSE);
INSERT INTO possession (uid, oid, date_achat, est_actif) VALUES (34, 28, '2025-10-22', FALSE);
INSERT INTO possession (uid, oid, date_achat, est_actif) VALUES (34, 18, '2025-10-22', FALSE);
INSERT INTO possession (uid, oid, date_achat, est_actif) VALUES (34, 37, '2025-10-22', FALSE);
INSERT INTO possession (uid, oid, date_achat, est_actif) VALUES (35, 1, '2025-10-23', FALSE);
INSERT INTO possession (uid, oid, date_achat, est_actif) VALUES (36, 6, '2025-10-24', FALSE);
INSERT INTO possession (uid, oid, date_achat, est_actif) VALUES (36, 19, '2025-10-24', FALSE);
INSERT INTO possession (uid, oid, date_achat, est_actif) VALUES (36, 25, '2025-10-24', FALSE);
INSERT INTO possession (uid, oid, date_achat, est_actif) VALUES (37, 3, '2025-10-25', FALSE);
INSERT INTO possession (uid, oid, date_achat, est_actif) VALUES (37, 16, '2025-10-25', FALSE);
INSERT INTO possession (uid, oid, date_achat, est_actif) VALUES (37, 42, '2025-10-25', FALSE);
INSERT INTO possession (uid, oid, date_achat, est_actif) VALUES (38, 7, '2025-10-26', FALSE);
INSERT INTO possession (uid, oid, date_achat, est_actif) VALUES (38, 32, '2025-10-26', FALSE);
INSERT INTO possession (uid, oid, date_achat, est_actif) VALUES (38, 20, '2025-10-26', FALSE);
INSERT INTO possession (uid, oid, date_achat, est_actif) VALUES (38, 11, '2025-10-26', FALSE);
INSERT INTO possession (uid, oid, date_achat, est_actif) VALUES (39, 2, '2025-10-27', FALSE);
INSERT INTO possession (uid, oid, date_achat, est_actif) VALUES (39, 42, '2025-10-27', FALSE);
INSERT INTO possession (uid, oid, date_achat, est_actif) VALUES (40, 29, '2025-10-28', FALSE);
INSERT INTO possession (uid, oid, date_achat, est_actif) VALUES (40, 19, '2025-10-28', FALSE);
INSERT INTO possession (uid, oid, date_achat, est_actif) VALUES (40, 26, '2025-10-28', FALSE);
INSERT INTO possession (uid, oid, date_achat, est_actif) VALUES (40, 23, '2025-10-28', FALSE);
INSERT INTO possession (uid, oid, date_achat, est_actif) VALUES (41, 1, '2025-10-29', FALSE);
INSERT INTO possession (uid, oid, date_achat, est_actif) VALUES (42, 28, '2025-10-30', FALSE);
INSERT INTO possession (uid, oid, date_achat, est_actif) VALUES (42, 18, '2025-10-30', FALSE);
INSERT INTO possession (uid, oid, date_achat, est_actif) VALUES (42, 14, '2025-10-30', FALSE);
INSERT INTO possession (uid, oid, date_achat, est_actif) VALUES (43, 41, '2025-11-01', FALSE);
INSERT INTO possession (uid, oid, date_achat, est_actif) VALUES (43, 21, '2025-11-01', FALSE);
INSERT INTO possession (uid, oid, date_achat, est_actif) VALUES (43, 24, '2025-11-01', FALSE);
INSERT INTO possession (uid, oid, date_achat, est_actif) VALUES (43, 45, '2025-11-01', FALSE);
INSERT INTO possession (uid, oid, date_achat, est_actif) VALUES (43, 39, '2025-11-01', FALSE);
INSERT INTO possession (uid, oid, date_achat, est_actif) VALUES (44, 3, '2025-11-02', FALSE);
INSERT INTO possession (uid, oid, date_achat, est_actif) VALUES (44, 13, '2025-11-02', FALSE);
INSERT INTO possession (uid, oid, date_achat, est_actif) VALUES (44, 43, '2025-11-02', FALSE);
INSERT INTO possession (uid, oid, date_achat, est_actif) VALUES (45, 6, '2025-11-03', FALSE);
INSERT INTO possession (uid, oid, date_achat, est_actif) VALUES (45, 33, '2025-11-03', FALSE);
INSERT INTO possession (uid, oid, date_achat, est_actif) VALUES (45, 44, '2025-11-03', FALSE);
INSERT INTO possession (uid, oid, date_achat, est_actif) VALUES (46, 2, '2025-11-04', FALSE);
INSERT INTO possession (uid, oid, date_achat, est_actif) VALUES (46, 22, '2025-11-04', FALSE);
INSERT INTO possession (uid, oid, date_achat, est_actif) VALUES (47, 6, '2025-11-05', FALSE);
INSERT INTO possession (uid, oid, date_achat, est_actif) VALUES (47, 34, '2025-11-05', FALSE);
INSERT INTO possession (uid, oid, date_achat, est_actif) VALUES (47, 12, '2025-11-05', FALSE);
INSERT INTO possession (uid, oid, date_achat, est_actif) VALUES (48, 4, '2025-11-06', FALSE);
INSERT INTO possession (uid, oid, date_achat, est_actif) VALUES (48, 17, '2025-11-06', FALSE);
INSERT INTO possession (uid, oid, date_achat, est_actif) VALUES (48, 18, '2025-11-06', FALSE);
INSERT INTO possession (uid, oid, date_achat, est_actif) VALUES (49, 40, '2025-11-07', FALSE);
INSERT INTO possession (uid, oid, date_achat, est_actif) VALUES (49, 20, '2025-11-07', FALSE);
INSERT INTO possession (uid, oid, date_achat, est_actif) VALUES (49, 27, '2025-11-07', FALSE);
INSERT INTO possession (uid, oid, date_achat, est_actif) VALUES (49, 24, '2025-11-07', FALSE);
INSERT INTO possession (uid, oid, date_achat, est_actif) VALUES (49, 38, '2025-11-07', FALSE);
INSERT INTO possession (uid, oid, date_achat, est_actif) VALUES (50, 13, '2025-11-08', FALSE);
INSERT INTO possession (uid, oid, date_achat, est_actif) VALUES (50, 10, '2025-11-08', FALSE);

-- ===== Transactions =====
INSERT INTO transaction_ (tid, type_transaction, date_transaction, montant, utilisateur_uid, rid, eid, oid) VALUES (1, 'Gain Publication', '2025-10-01', 10, 1, 1, NULL, NULL);
INSERT INTO transaction_ (tid, type_transaction, date_transaction, montant, utilisateur_uid, rid, eid, oid) VALUES (2, 'Gain Publication', '2025-10-10', 10, 1, 2, NULL, NULL);
INSERT INTO transaction_ (tid, type_transaction, date_transaction, montant, utilisateur_uid, rid, eid, oid) VALUES (3, 'Gain Publication', '2025-10-05', 10, 2, 3, NULL, NULL);
INSERT INTO transaction_ (tid, type_transaction, date_transaction, montant, utilisateur_uid, rid, eid, oid) VALUES (4, 'Gain Publication', '2025-10-20', 10, 2, 4, NULL, NULL);
INSERT INTO transaction_ (tid, type_transaction, date_transaction, montant, utilisateur_uid, rid, eid, oid) VALUES (5, 'Gain Publication', '2025-09-25', 10, 3, 5, NULL, NULL);
INSERT INTO transaction_ (tid, type_transaction, date_transaction, montant, utilisateur_uid, rid, eid, oid) VALUES (6, 'Gain Publication', '2025-10-03', 10, 3, 6, NULL, NULL);
INSERT INTO transaction_ (tid, type_transaction, date_transaction, montant, utilisateur_uid, rid, eid, oid) VALUES (7, 'Gain Publication', '2025-10-15', 10, 3, 7, NULL, NULL);
INSERT INTO transaction_ (tid, type_transaction, date_transaction, montant, utilisateur_uid, rid, eid, oid) VALUES (8, 'Gain Publication', '2025-10-08', 10, 4, 8, NULL, NULL);
INSERT INTO transaction_ (tid, type_transaction, date_transaction, montant, utilisateur_uid, rid, eid, oid) VALUES (9, 'Gain Publication', '2025-09-28', 10, 5, 9, NULL, NULL);
INSERT INTO transaction_ (tid, type_transaction, date_transaction, montant, utilisateur_uid, rid, eid, oid) VALUES (10, 'Gain Publication', '2025-10-06', 10, 5, 10, NULL, NULL);
INSERT INTO transaction_ (tid, type_transaction, date_transaction, montant, utilisateur_uid, rid, eid, oid) VALUES (11, 'Gain Publication', '2025-10-22', 10, 5, 11, NULL, NULL);
INSERT INTO transaction_ (tid, type_transaction, date_transaction, montant, utilisateur_uid, rid, eid, oid) VALUES (12, 'Gain Publication', '2025-10-12', 10, 6, 12, NULL, NULL);
INSERT INTO transaction_ (tid, type_transaction, date_transaction, montant, utilisateur_uid, rid, eid, oid) VALUES (13, 'Gain Publication', '2025-10-02', 10, 7, 13, NULL, NULL);
INSERT INTO transaction_ (tid, type_transaction, date_transaction, montant, utilisateur_uid, rid, eid, oid) VALUES (14, 'Gain Publication', '2025-10-14', 10, 7, 14, NULL, NULL);
INSERT INTO transaction_ (tid, type_transaction, date_transaction, montant, utilisateur_uid, rid, eid, oid) VALUES (15, 'Gain Publication', '2025-10-25', 10, 7, 15, NULL, NULL);
INSERT INTO transaction_ (tid, type_transaction, date_transaction, montant, utilisateur_uid, rid, eid, oid) VALUES (16, 'Gain Publication', '2025-10-09', 10, 8, 16, NULL, NULL);
INSERT INTO transaction_ (tid, type_transaction, date_transaction, montant, utilisateur_uid, rid, eid, oid) VALUES (17, 'Gain Publication', '2025-10-19', 10, 8, 17, NULL, NULL);
INSERT INTO transaction_ (tid, type_transaction, date_transaction, montant, utilisateur_uid, rid, eid, oid) VALUES (18, 'Gain Publication', '2025-09-30', 10, 9, 18, NULL, NULL);
INSERT INTO transaction_ (tid, type_transaction, date_transaction, montant, utilisateur_uid, rid, eid, oid) VALUES (19, 'Gain Publication', '2025-10-11', 10, 9, 19, NULL, NULL);
INSERT INTO transaction_ (tid, type_transaction, date_transaction, montant, utilisateur_uid, rid, eid, oid) VALUES (20, 'Gain Publication', '2025-10-23', 10, 9, 20, NULL, NULL);
INSERT INTO transaction_ (tid, type_transaction, date_transaction, montant, utilisateur_uid, rid, eid, oid) VALUES (21, 'Gain Publication', '2025-10-16', 10, 10, 21, NULL, NULL);
INSERT INTO transaction_ (tid, type_transaction, date_transaction, montant, utilisateur_uid, rid, eid, oid) VALUES (22, 'Gain Publication', '2025-10-04', 10, 11, 22, NULL, NULL);
INSERT INTO transaction_ (tid, type_transaction, date_transaction, montant, utilisateur_uid, rid, eid, oid) VALUES (23, 'Gain Publication', '2025-10-17', 10, 11, 23, NULL, NULL);
INSERT INTO transaction_ (tid, type_transaction, date_transaction, montant, utilisateur_uid, rid, eid, oid) VALUES (24, 'Gain Publication', '2025-10-07', 10, 12, 24, NULL, NULL);
INSERT INTO transaction_ (tid, type_transaction, date_transaction, montant, utilisateur_uid, rid, eid, oid) VALUES (25, 'Gain Publication', '2025-10-18', 10, 12, 25, NULL, NULL);
INSERT INTO transaction_ (tid, type_transaction, date_transaction, montant, utilisateur_uid, rid, eid, oid) VALUES (26, 'Gain Publication', '2025-10-13', 10, 13, 26, NULL, NULL);
INSERT INTO transaction_ (tid, type_transaction, date_transaction, montant, utilisateur_uid, rid, eid, oid) VALUES (27, 'Gain Publication', '2025-10-24', 10, 13, 27, NULL, NULL);
INSERT INTO transaction_ (tid, type_transaction, date_transaction, montant, utilisateur_uid, rid, eid, oid) VALUES (28, 'Gain Publication', '2025-10-21', 10, 15, 28, NULL, NULL);
INSERT INTO transaction_ (tid, type_transaction, date_transaction, montant, utilisateur_uid, rid, eid, oid) VALUES (29, 'Gain Publication', '2025-10-28', 10, 15, 29, NULL, NULL);
INSERT INTO transaction_ (tid, type_transaction, date_transaction, montant, utilisateur_uid, rid, eid, oid) VALUES (30, 'Gain Publication', '2025-10-10', 10, 16, 30, NULL, NULL);
INSERT INTO transaction_ (tid, type_transaction, date_transaction, montant, utilisateur_uid, rid, eid, oid) VALUES (31, 'Gain Publication', '2025-10-20', 10, 16, 31, NULL, NULL);
INSERT INTO transaction_ (tid, type_transaction, date_transaction, montant, utilisateur_uid, rid, eid, oid) VALUES (32, 'Gain Publication', '2025-10-26', 10, 17, 32, NULL, NULL);
INSERT INTO transaction_ (tid, type_transaction, date_transaction, montant, utilisateur_uid, rid, eid, oid) VALUES (33, 'Gain Publication', '2025-10-08', 10, 18, 33, NULL, NULL);
INSERT INTO transaction_ (tid, type_transaction, date_transaction, montant, utilisateur_uid, rid, eid, oid) VALUES (34, 'Gain Publication', '2025-10-15', 10, 18, 34, NULL, NULL);
INSERT INTO transaction_ (tid, type_transaction, date_transaction, montant, utilisateur_uid, rid, eid, oid) VALUES (35, 'Gain Publication', '2025-10-27', 10, 18, 35, NULL, NULL);
INSERT INTO transaction_ (tid, type_transaction, date_transaction, montant, utilisateur_uid, rid, eid, oid) VALUES (36, 'Gain Publication', '2025-10-22', 10, 19, 36, NULL, NULL);
INSERT INTO transaction_ (tid, type_transaction, date_transaction, montant, utilisateur_uid, rid, eid, oid) VALUES (37, 'Gain Publication', '2025-10-12', 10, 20, 37, NULL, NULL);
INSERT INTO transaction_ (tid, type_transaction, date_transaction, montant, utilisateur_uid, rid, eid, oid) VALUES (38, 'Gain Publication', '2025-10-23', 10, 20, 38, NULL, NULL);
INSERT INTO transaction_ (tid, type_transaction, date_transaction, montant, utilisateur_uid, rid, eid, oid) VALUES (39, 'Gain Publication', '2025-10-29', 10, 21, 39, NULL, NULL);
INSERT INTO transaction_ (tid, type_transaction, date_transaction, montant, utilisateur_uid, rid, eid, oid) VALUES (40, 'Gain Publication', '2025-10-16', 10, 22, 40, NULL, NULL);
INSERT INTO transaction_ (tid, type_transaction, date_transaction, montant, utilisateur_uid, rid, eid, oid) VALUES (41, 'Gain Publication', '2025-10-26', 10, 22, 41, NULL, NULL);
INSERT INTO transaction_ (tid, type_transaction, date_transaction, montant, utilisateur_uid, rid, eid, oid) VALUES (42, 'Gain Publication', '2025-10-14', 10, 23, 42, NULL, NULL);
INSERT INTO transaction_ (tid, type_transaction, date_transaction, montant, utilisateur_uid, rid, eid, oid) VALUES (43, 'Gain Publication', '2025-10-24', 10, 23, 43, NULL, NULL);
INSERT INTO transaction_ (tid, type_transaction, date_transaction, montant, utilisateur_uid, rid, eid, oid) VALUES (44, 'Gain Publication', '2025-11-01', 10, 23, 44, NULL, NULL);
INSERT INTO transaction_ (tid, type_transaction, date_transaction, montant, utilisateur_uid, rid, eid, oid) VALUES (45, 'Gain Publication', '2025-10-18', 10, 25, 45, NULL, NULL);
INSERT INTO transaction_ (tid, type_transaction, date_transaction, montant, utilisateur_uid, rid, eid, oid) VALUES (46, 'Gain Publication', '2025-10-28', 10, 25, 46, NULL, NULL);
INSERT INTO transaction_ (tid, type_transaction, date_transaction, montant, utilisateur_uid, rid, eid, oid) VALUES (47, 'Gain Publication', '2025-10-31', 10, 26, 47, NULL, NULL);
INSERT INTO transaction_ (tid, type_transaction, date_transaction, montant, utilisateur_uid, rid, eid, oid) VALUES (48, 'Gain Publication', '2025-11-05', 10, 26, 48, NULL, NULL);
INSERT INTO transaction_ (tid, type_transaction, date_transaction, montant, utilisateur_uid, rid, eid, oid) VALUES (49, 'Gain Publication', '2025-10-19', 10, 27, 49, NULL, NULL);
INSERT INTO transaction_ (tid, type_transaction, date_transaction, montant, utilisateur_uid, rid, eid, oid) VALUES (50, 'Gain Publication', '2025-10-29', 10, 27, 50, NULL, NULL);
INSERT INTO transaction_ (tid, type_transaction, date_transaction, montant, utilisateur_uid, rid, eid, oid) VALUES (51, 'Gain Publication', '2025-10-21', 10, 29, 51, NULL, NULL);
INSERT INTO transaction_ (tid, type_transaction, date_transaction, montant, utilisateur_uid, rid, eid, oid) VALUES (52, 'Gain Publication', '2025-11-02', 10, 29, 52, NULL, NULL);
INSERT INTO transaction_ (tid, type_transaction, date_transaction, montant, utilisateur_uid, rid, eid, oid) VALUES (53, 'Gain Publication', '2025-11-08', 10, 29, 53, NULL, NULL);
INSERT INTO transaction_ (tid, type_transaction, date_transaction, montant, utilisateur_uid, rid, eid, oid) VALUES (54, 'Gain Publication', '2025-11-03', 10, 30, 54, NULL, NULL);
INSERT INTO transaction_ (tid, type_transaction, date_transaction, montant, utilisateur_uid, rid, eid, oid) VALUES (55, 'Gain Publication', '2025-10-25', 10, 31, 55, NULL, NULL);
INSERT INTO transaction_ (tid, type_transaction, date_transaction, montant, utilisateur_uid, rid, eid, oid) VALUES (56, 'Gain Publication', '2025-11-04', 10, 31, 56, NULL, NULL);
INSERT INTO transaction_ (tid, type_transaction, date_transaction, montant, utilisateur_uid, rid, eid, oid) VALUES (57, 'Gain Publication', '2025-11-10', 10, 31, 57, NULL, NULL);
INSERT INTO transaction_ (tid, type_transaction, date_transaction, montant, utilisateur_uid, rid, eid, oid) VALUES (58, 'Gain Publication', '2025-11-06', 10, 32, 58, NULL, NULL);
INSERT INTO transaction_ (tid, type_transaction, date_transaction, montant, utilisateur_uid, rid, eid, oid) VALUES (59, 'Gain Publication', '2025-10-27', 10, 33, 59, NULL, NULL);
INSERT INTO transaction_ (tid, type_transaction, date_transaction, montant, utilisateur_uid, rid, eid, oid) VALUES (60, 'Gain Publication', '2025-11-07', 10, 33, 60, NULL, NULL);
INSERT INTO transaction_ (tid, type_transaction, date_transaction, montant, utilisateur_uid, rid, eid, oid) VALUES (61, 'Gain Publication', '2025-11-01', 10, 34, 61, NULL, NULL);
INSERT INTO transaction_ (tid, type_transaction, date_transaction, montant, utilisateur_uid, rid, eid, oid) VALUES (62, 'Gain Publication', '2025-11-09', 10, 34, 62, NULL, NULL);
INSERT INTO transaction_ (tid, type_transaction, date_transaction, montant, utilisateur_uid, rid, eid, oid) VALUES (63, 'Gain Publication', '2025-11-02', 10, 36, 63, NULL, NULL);
INSERT INTO transaction_ (tid, type_transaction, date_transaction, montant, utilisateur_uid, rid, eid, oid) VALUES (64, 'Gain Publication', '2025-11-11', 10, 36, 64, NULL, NULL);
INSERT INTO transaction_ (tid, type_transaction, date_transaction, montant, utilisateur_uid, rid, eid, oid) VALUES (65, 'Gain Publication', '2025-11-06', 10, 37, 65, NULL, NULL);
INSERT INTO transaction_ (tid, type_transaction, date_transaction, montant, utilisateur_uid, rid, eid, oid) VALUES (66, 'Gain Publication', '2025-11-04', 10, 38, 66, NULL, NULL);
INSERT INTO transaction_ (tid, type_transaction, date_transaction, montant, utilisateur_uid, rid, eid, oid) VALUES (67, 'Gain Publication', '2025-11-12', 10, 38, 67, NULL, NULL);
INSERT INTO transaction_ (tid, type_transaction, date_transaction, montant, utilisateur_uid, rid, eid, oid) VALUES (68, 'Gain Publication', '2025-11-18', 10, 38, 68, NULL, NULL);
INSERT INTO transaction_ (tid, type_transaction, date_transaction, montant, utilisateur_uid, rid, eid, oid) VALUES (69, 'Gain Publication', '2025-11-10', 10, 39, 69, NULL, NULL);
INSERT INTO transaction_ (tid, type_transaction, date_transaction, montant, utilisateur_uid, rid, eid, oid) VALUES (70, 'Gain Publication', '2025-11-07', 10, 40, 70, NULL, NULL);
INSERT INTO transaction_ (tid, type_transaction, date_transaction, montant, utilisateur_uid, rid, eid, oid) VALUES (71, 'Gain Publication', '2025-11-14', 10, 40, 71, NULL, NULL);
INSERT INTO transaction_ (tid, type_transaction, date_transaction, montant, utilisateur_uid, rid, eid, oid) VALUES (72, 'Gain Publication', '2025-11-15', 10, 41, 72, NULL, NULL);
INSERT INTO transaction_ (tid, type_transaction, date_transaction, montant, utilisateur_uid, rid, eid, oid) VALUES (73, 'Gain Publication', '2025-11-08', 10, 42, 73, NULL, NULL);
INSERT INTO transaction_ (tid, type_transaction, date_transaction, montant, utilisateur_uid, rid, eid, oid) VALUES (74, 'Gain Publication', '2025-11-16', 10, 42, 74, NULL, NULL);
INSERT INTO transaction_ (tid, type_transaction, date_transaction, montant, utilisateur_uid, rid, eid, oid) VALUES (75, 'Gain Publication', '2025-11-05', 10, 43, 75, NULL, NULL);
INSERT INTO transaction_ (tid, type_transaction, date_transaction, montant, utilisateur_uid, rid, eid, oid) VALUES (76, 'Gain Publication', '2025-11-13', 10, 43, 76, NULL, NULL);
INSERT INTO transaction_ (tid, type_transaction, date_transaction, montant, utilisateur_uid, rid, eid, oid) VALUES (77, 'Gain Publication', '2025-11-19', 10, 43, 77, NULL, NULL);
INSERT INTO transaction_ (tid, type_transaction, date_transaction, montant, utilisateur_uid, rid, eid, oid) VALUES (78, 'Gain Publication', '2025-11-11', 10, 44, 78, NULL, NULL);
INSERT INTO transaction_ (tid, type_transaction, date_transaction, montant, utilisateur_uid, rid, eid, oid) VALUES (79, 'Gain Publication', '2025-11-09', 10, 45, 79, NULL, NULL);
INSERT INTO transaction_ (tid, type_transaction, date_transaction, montant, utilisateur_uid, rid, eid, oid) VALUES (80, 'Gain Publication', '2025-11-17', 10, 45, 80, NULL, NULL);
INSERT INTO transaction_ (tid, type_transaction, date_transaction, montant, utilisateur_uid, rid, eid, oid) VALUES (81, 'Gain Publication', '2025-11-14', 10, 46, 81, NULL, NULL);
INSERT INTO transaction_ (tid, type_transaction, date_transaction, montant, utilisateur_uid, rid, eid, oid) VALUES (82, 'Gain Publication', '2025-11-12', 10, 47, 82, NULL, NULL);
INSERT INTO transaction_ (tid, type_transaction, date_transaction, montant, utilisateur_uid, rid, eid, oid) VALUES (83, 'Gain Publication', '2025-11-20', 10, 47, 83, NULL, NULL);
INSERT INTO transaction_ (tid, type_transaction, date_transaction, montant, utilisateur_uid, rid, eid, oid) VALUES (84, 'Gain Publication', '2025-11-15', 10, 48, 84, NULL, NULL);
INSERT INTO transaction_ (tid, type_transaction, date_transaction, montant, utilisateur_uid, rid, eid, oid) VALUES (85, 'Gain Publication', '2025-11-21', 10, 48, 85, NULL, NULL);
INSERT INTO transaction_ (tid, type_transaction, date_transaction, montant, utilisateur_uid, rid, eid, oid) VALUES (86, 'Gain Publication', '2025-11-13', 10, 49, 86, NULL, NULL);
INSERT INTO transaction_ (tid, type_transaction, date_transaction, montant, utilisateur_uid, rid, eid, oid) VALUES (87, 'Gain Publication', '2025-11-19', 10, 49, 87, NULL, NULL);
INSERT INTO transaction_ (tid, type_transaction, date_transaction, montant, utilisateur_uid, rid, eid, oid) VALUES (88, 'Gain Publication', '2025-11-24', 10, 49, 88, NULL, NULL);
INSERT INTO transaction_ (tid, type_transaction, date_transaction, montant, utilisateur_uid, rid, eid, oid) VALUES (89, 'Gain Publication', '2025-11-18', 10, 50, 89, NULL, NULL);
INSERT INTO transaction_ (tid, type_transaction, date_transaction, montant, utilisateur_uid, rid, eid, oid) VALUES (90, 'Gain Évaluation', '2025-10-22', 5, 1, NULL, 1, NULL);
INSERT INTO transaction_ (tid, type_transaction, date_transaction, montant, utilisateur_uid, rid, eid, oid) VALUES (91, 'Gain Évaluation', '2025-10-14', 5, 1, NULL, 2, NULL);
INSERT INTO transaction_ (tid, type_transaction, date_transaction, montant, utilisateur_uid, rid, eid, oid) VALUES (92, 'Gain Évaluation', '2025-10-06', 5, 2, NULL, 3, NULL);
INSERT INTO transaction_ (tid, type_transaction, date_transaction, montant, utilisateur_uid, rid, eid, oid) VALUES (93, 'Gain Évaluation', '2025-11-13', 5, 2, NULL, 4, NULL);
INSERT INTO transaction_ (tid, type_transaction, date_transaction, montant, utilisateur_uid, rid, eid, oid) VALUES (94, 'Gain Évaluation', '2025-10-04', 5, 3, NULL, 5, NULL);
INSERT INTO transaction_ (tid, type_transaction, date_transaction, montant, utilisateur_uid, rid, eid, oid) VALUES (95, 'Gain Évaluation', '2025-10-11', 5, 3, NULL, 6, NULL);
INSERT INTO transaction_ (tid, type_transaction, date_transaction, montant, utilisateur_uid, rid, eid, oid) VALUES (96, 'Gain Évaluation', '2025-10-23', 5, 3, NULL, 7, NULL);
INSERT INTO transaction_ (tid, type_transaction, date_transaction, montant, utilisateur_uid, rid, eid, oid) VALUES (97, 'Gain Évaluation', '2025-10-13', 5, 4, NULL, 8, NULL);
INSERT INTO transaction_ (tid, type_transaction, date_transaction, montant, utilisateur_uid, rid, eid, oid) VALUES (98, 'Gain Évaluation', '2025-11-01', 5, 4, NULL, 9, NULL);
INSERT INTO transaction_ (tid, type_transaction, date_transaction, montant, utilisateur_uid, rid, eid, oid) VALUES (99, 'Gain Évaluation', '2025-10-02', 5, 5, NULL, 10, NULL);
INSERT INTO transaction_ (tid, type_transaction, date_transaction, montant, utilisateur_uid, rid, eid, oid) VALUES (100, 'Gain Évaluation', '2025-10-28', 5, 5, NULL, 11, NULL);
INSERT INTO transaction_ (tid, type_transaction, date_transaction, montant, utilisateur_uid, rid, eid, oid) VALUES (101, 'Gain Évaluation', '2025-11-15', 5, 5, NULL, 12, NULL);
INSERT INTO transaction_ (tid, type_transaction, date_transaction, montant, utilisateur_uid, rid, eid, oid) VALUES (102, 'Gain Évaluation', '2025-11-10', 5, 6, NULL, 13, NULL);
INSERT INTO transaction_ (tid, type_transaction, date_transaction, montant, utilisateur_uid, rid, eid, oid) VALUES (103, 'Gain Évaluation', '2025-10-20', 5, 7, NULL, 14, NULL);
INSERT INTO transaction_ (tid, type_transaction, date_transaction, montant, utilisateur_uid, rid, eid, oid) VALUES (104, 'Gain Évaluation', '2025-10-17', 5, 7, NULL, 15, NULL);
INSERT INTO transaction_ (tid, type_transaction, date_transaction, montant, utilisateur_uid, rid, eid, oid) VALUES (105, 'Gain Évaluation', '2025-10-28', 5, 8, NULL, 16, NULL);
INSERT INTO transaction_ (tid, type_transaction, date_transaction, montant, utilisateur_uid, rid, eid, oid) VALUES (106, 'Gain Évaluation', '2025-11-02', 5, 8, NULL, 17, NULL);
INSERT INTO transaction_ (tid, type_transaction, date_transaction, montant, utilisateur_uid, rid, eid, oid) VALUES (107, 'Gain Évaluation', '2025-10-02', 5, 9, NULL, 18, NULL);
INSERT INTO transaction_ (tid, type_transaction, date_transaction, montant, utilisateur_uid, rid, eid, oid) VALUES (108, 'Gain Évaluation', '2025-10-12', 5, 9, NULL, 19, NULL);
INSERT INTO transaction_ (tid, type_transaction, date_transaction, montant, utilisateur_uid, rid, eid, oid) VALUES (109, 'Gain Évaluation', '2025-10-26', 5, 9, NULL, 20, NULL);
INSERT INTO transaction_ (tid, type_transaction, date_transaction, montant, utilisateur_uid, rid, eid, oid) VALUES (110, 'Gain Évaluation', '2025-10-23', 5, 10, NULL, 21, NULL);
INSERT INTO transaction_ (tid, type_transaction, date_transaction, montant, utilisateur_uid, rid, eid, oid) VALUES (111, 'Gain Évaluation', '2025-10-24', 5, 10, NULL, 22, NULL);
INSERT INTO transaction_ (tid, type_transaction, date_transaction, montant, utilisateur_uid, rid, eid, oid) VALUES (112, 'Gain Évaluation', '2025-10-21', 5, 11, NULL, 23, NULL);
INSERT INTO transaction_ (tid, type_transaction, date_transaction, montant, utilisateur_uid, rid, eid, oid) VALUES (113, 'Gain Évaluation', '2025-11-06', 5, 11, NULL, 24, NULL);
INSERT INTO transaction_ (tid, type_transaction, date_transaction, montant, utilisateur_uid, rid, eid, oid) VALUES (114, 'Gain Évaluation', '2025-10-08', 5, 12, NULL, 25, NULL);
INSERT INTO transaction_ (tid, type_transaction, date_transaction, montant, utilisateur_uid, rid, eid, oid) VALUES (115, 'Gain Évaluation', '2025-11-05', 5, 12, NULL, 26, NULL);
INSERT INTO transaction_ (tid, type_transaction, date_transaction, montant, utilisateur_uid, rid, eid, oid) VALUES (116, 'Gain Évaluation', '2025-10-20', 5, 13, NULL, 27, NULL);
INSERT INTO transaction_ (tid, type_transaction, date_transaction, montant, utilisateur_uid, rid, eid, oid) VALUES (117, 'Gain Évaluation', '2025-11-16', 5, 13, NULL, 28, NULL);
INSERT INTO transaction_ (tid, type_transaction, date_transaction, montant, utilisateur_uid, rid, eid, oid) VALUES (118, 'Gain Évaluation', '2025-11-11', 5, 15, NULL, 29, NULL);
INSERT INTO transaction_ (tid, type_transaction, date_transaction, montant, utilisateur_uid, rid, eid, oid) VALUES (119, 'Gain Évaluation', '2025-11-20', 5, 15, NULL, 30, NULL);
INSERT INTO transaction_ (tid, type_transaction, date_transaction, montant, utilisateur_uid, rid, eid, oid) VALUES (120, 'Gain Évaluation', '2025-10-28', 5, 16, NULL, 31, NULL);
INSERT INTO transaction_ (tid, type_transaction, date_transaction, montant, utilisateur_uid, rid, eid, oid) VALUES (121, 'Gain Évaluation', '2025-11-03', 5, 16, NULL, 32, NULL);
INSERT INTO transaction_ (tid, type_transaction, date_transaction, montant, utilisateur_uid, rid, eid, oid) VALUES (122, 'Gain Évaluation', '2025-11-03', 5, 17, NULL, 33, NULL);
INSERT INTO transaction_ (tid, type_transaction, date_transaction, montant, utilisateur_uid, rid, eid, oid) VALUES (123, 'Gain Évaluation', '2025-10-23', 5, 18, NULL, 34, NULL);
INSERT INTO transaction_ (tid, type_transaction, date_transaction, montant, utilisateur_uid, rid, eid, oid) VALUES (124, 'Gain Évaluation', '2025-11-03', 5, 18, NULL, 35, NULL);
INSERT INTO transaction_ (tid, type_transaction, date_transaction, montant, utilisateur_uid, rid, eid, oid) VALUES (125, 'Gain Évaluation', '2025-11-05', 5, 18, NULL, 36, NULL);
INSERT INTO transaction_ (tid, type_transaction, date_transaction, montant, utilisateur_uid, rid, eid, oid) VALUES (126, 'Gain Évaluation', '2025-11-17', 5, 19, NULL, 37, NULL);
INSERT INTO transaction_ (tid, type_transaction, date_transaction, montant, utilisateur_uid, rid, eid, oid) VALUES (127, 'Gain Évaluation', '2025-11-19', 5, 19, NULL, 38, NULL);
INSERT INTO transaction_ (tid, type_transaction, date_transaction, montant, utilisateur_uid, rid, eid, oid) VALUES (128, 'Gain Évaluation', '2025-10-13', 5, 20, NULL, 39, NULL);
INSERT INTO transaction_ (tid, type_transaction, date_transaction, montant, utilisateur_uid, rid, eid, oid) VALUES (129, 'Gain Évaluation', '2025-11-17', 5, 20, NULL, 40, NULL);
INSERT INTO transaction_ (tid, type_transaction, date_transaction, montant, utilisateur_uid, rid, eid, oid) VALUES (130, 'Gain Évaluation', '2025-11-24', 5, 21, NULL, 41, NULL);
INSERT INTO transaction_ (tid, type_transaction, date_transaction, montant, utilisateur_uid, rid, eid, oid) VALUES (131, 'Gain Évaluation', '2025-10-22', 5, 22, NULL, 42, NULL);
INSERT INTO transaction_ (tid, type_transaction, date_transaction, montant, utilisateur_uid, rid, eid, oid) VALUES (132, 'Gain Évaluation', '2025-11-18', 5, 22, NULL, 43, NULL);
INSERT INTO transaction_ (tid, type_transaction, date_transaction, montant, utilisateur_uid, rid, eid, oid) VALUES (133, 'Gain Évaluation', '2025-10-28', 5, 23, NULL, 44, NULL);
INSERT INTO transaction_ (tid, type_transaction, date_transaction, montant, utilisateur_uid, rid, eid, oid) VALUES (134, 'Gain Évaluation', '2025-11-04', 5, 23, NULL, 45, NULL);
INSERT INTO transaction_ (tid, type_transaction, date_transaction, montant, utilisateur_uid, rid, eid, oid) VALUES (135, 'Gain Évaluation', '2025-10-27', 5, 25, NULL, 46, NULL);
INSERT INTO transaction_ (tid, type_transaction, date_transaction, montant, utilisateur_uid, rid, eid, oid) VALUES (136, 'Gain Évaluation', '2025-11-02', 5, 25, NULL, 47, NULL);
INSERT INTO transaction_ (tid, type_transaction, date_transaction, montant, utilisateur_uid, rid, eid, oid) VALUES (137, 'Gain Évaluation', '2025-11-07', 5, 26, NULL, 48, NULL);
INSERT INTO transaction_ (tid, type_transaction, date_transaction, montant, utilisateur_uid, rid, eid, oid) VALUES (138, 'Gain Évaluation', '2025-11-30', 5, 26, NULL, 49, NULL);
INSERT INTO transaction_ (tid, type_transaction, date_transaction, montant, utilisateur_uid, rid, eid, oid) VALUES (139, 'Gain Évaluation', '2025-10-30', 5, 27, NULL, 50, NULL);
INSERT INTO transaction_ (tid, type_transaction, date_transaction, montant, utilisateur_uid, rid, eid, oid) VALUES (140, 'Gain Évaluation', '2025-11-02', 5, 27, NULL, 51, NULL);
INSERT INTO transaction_ (tid, type_transaction, date_transaction, montant, utilisateur_uid, rid, eid, oid) VALUES (141, 'Gain Évaluation', '2025-10-24', 5, 29, NULL, 52, NULL);
INSERT INTO transaction_ (tid, type_transaction, date_transaction, montant, utilisateur_uid, rid, eid, oid) VALUES (142, 'Gain Évaluation', '2025-11-15', 5, 29, NULL, 53, NULL);
INSERT INTO transaction_ (tid, type_transaction, date_transaction, montant, utilisateur_uid, rid, eid, oid) VALUES (143, 'Gain Évaluation', '2025-11-07', 5, 30, NULL, 54, NULL);
INSERT INTO transaction_ (tid, type_transaction, date_transaction, montant, utilisateur_uid, rid, eid, oid) VALUES (144, 'Gain Évaluation', '2025-11-15', 5, 30, NULL, 55, NULL);
INSERT INTO transaction_ (tid, type_transaction, date_transaction, montant, utilisateur_uid, rid, eid, oid) VALUES (145, 'Gain Évaluation', '2025-11-22', 5, 31, NULL, 56, NULL);
INSERT INTO transaction_ (tid, type_transaction, date_transaction, montant, utilisateur_uid, rid, eid, oid) VALUES (146, 'Gain Évaluation', '2025-11-16', 5, 31, NULL, 57, NULL);
INSERT INTO transaction_ (tid, type_transaction, date_transaction, montant, utilisateur_uid, rid, eid, oid) VALUES (147, 'Gain Évaluation', '2025-11-30', 5, 31, NULL, 58, NULL);
INSERT INTO transaction_ (tid, type_transaction, date_transaction, montant, utilisateur_uid, rid, eid, oid) VALUES (148, 'Gain Évaluation', '2025-11-15', 5, 32, NULL, 59, NULL);
INSERT INTO transaction_ (tid, type_transaction, date_transaction, montant, utilisateur_uid, rid, eid, oid) VALUES (149, 'Gain Évaluation', '2025-11-22', 5, 33, NULL, 60, NULL);
INSERT INTO transaction_ (tid, type_transaction, date_transaction, montant, utilisateur_uid, rid, eid, oid) VALUES (150, 'Gain Évaluation', '2025-11-09', 5, 33, NULL, 61, NULL);
INSERT INTO transaction_ (tid, type_transaction, date_transaction, montant, utilisateur_uid, rid, eid, oid) VALUES (151, 'Gain Évaluation', '2025-11-25', 5, 34, NULL, 62, NULL);
INSERT INTO transaction_ (tid, type_transaction, date_transaction, montant, utilisateur_uid, rid, eid, oid) VALUES (152, 'Gain Évaluation', '2025-11-24', 5, 34, NULL, 63, NULL);
INSERT INTO transaction_ (tid, type_transaction, date_transaction, montant, utilisateur_uid, rid, eid, oid) VALUES (153, 'Gain Évaluation', '2025-11-20', 5, 36, NULL, 64, NULL);
INSERT INTO transaction_ (tid, type_transaction, date_transaction, montant, utilisateur_uid, rid, eid, oid) VALUES (154, 'Gain Évaluation', '2025-11-15', 5, 36, NULL, 65, NULL);
INSERT INTO transaction_ (tid, type_transaction, date_transaction, montant, utilisateur_uid, rid, eid, oid) VALUES (155, 'Gain Évaluation', '2025-12-06', 5, 37, NULL, 66, NULL);
INSERT INTO transaction_ (tid, type_transaction, date_transaction, montant, utilisateur_uid, rid, eid, oid) VALUES (156, 'Gain Évaluation', '2025-11-19', 5, 37, NULL, 67, NULL);
INSERT INTO transaction_ (tid, type_transaction, date_transaction, montant, utilisateur_uid, rid, eid, oid) VALUES (157, 'Gain Évaluation', '2025-11-07', 5, 38, NULL, 68, NULL);
INSERT INTO transaction_ (tid, type_transaction, date_transaction, montant, utilisateur_uid, rid, eid, oid) VALUES (158, 'Gain Évaluation', '2025-11-30', 5, 38, NULL, 69, NULL);
INSERT INTO transaction_ (tid, type_transaction, date_transaction, montant, utilisateur_uid, rid, eid, oid) VALUES (159, 'Gain Évaluation', '2025-11-20', 5, 39, NULL, 70, NULL);
INSERT INTO transaction_ (tid, type_transaction, date_transaction, montant, utilisateur_uid, rid, eid, oid) VALUES (160, 'Gain Évaluation', '2025-12-04', 5, 40, NULL, 71, NULL);
INSERT INTO transaction_ (tid, type_transaction, date_transaction, montant, utilisateur_uid, rid, eid, oid) VALUES (161, 'Gain Évaluation', '2025-12-05', 5, 40, NULL, 72, NULL);
INSERT INTO transaction_ (tid, type_transaction, date_transaction, montant, utilisateur_uid, rid, eid, oid) VALUES (162, 'Gain Évaluation', '2025-12-05', 5, 41, NULL, 73, NULL);
INSERT INTO transaction_ (tid, type_transaction, date_transaction, montant, utilisateur_uid, rid, eid, oid) VALUES (163, 'Gain Évaluation', '2025-12-07', 5, 42, NULL, 74, NULL);
INSERT INTO transaction_ (tid, type_transaction, date_transaction, montant, utilisateur_uid, rid, eid, oid) VALUES (164, 'Gain Évaluation', '2025-12-14', 5, 42, NULL, 75, NULL);
INSERT INTO transaction_ (tid, type_transaction, date_transaction, montant, utilisateur_uid, rid, eid, oid) VALUES (165, 'Gain Évaluation', '2025-11-17', 5, 43, NULL, 76, NULL);
INSERT INTO transaction_ (tid, type_transaction, date_transaction, montant, utilisateur_uid, rid, eid, oid) VALUES (166, 'Gain Évaluation', '2025-12-02', 5, 43, NULL, 77, NULL);
INSERT INTO transaction_ (tid, type_transaction, date_transaction, montant, utilisateur_uid, rid, eid, oid) VALUES (167, 'Gain Évaluation', '2025-11-26', 5, 43, NULL, 78, NULL);
INSERT INTO transaction_ (tid, type_transaction, date_transaction, montant, utilisateur_uid, rid, eid, oid) VALUES (168, 'Gain Évaluation', '2025-12-04', 5, 44, NULL, 79, NULL);
INSERT INTO transaction_ (tid, type_transaction, date_transaction, montant, utilisateur_uid, rid, eid, oid) VALUES (169, 'Gain Évaluation', '2025-11-14', 5, 44, NULL, 80, NULL);
INSERT INTO transaction_ (tid, type_transaction, date_transaction, montant, utilisateur_uid, rid, eid, oid) VALUES (170, 'Gain Évaluation', '2025-11-11', 5, 45, NULL, 81, NULL);
INSERT INTO transaction_ (tid, type_transaction, date_transaction, montant, utilisateur_uid, rid, eid, oid) VALUES (171, 'Gain Évaluation', '2025-12-09', 5, 45, NULL, 82, NULL);
INSERT INTO transaction_ (tid, type_transaction, date_transaction, montant, utilisateur_uid, rid, eid, oid) VALUES (172, 'Gain Évaluation', '2025-11-22', 5, 46, NULL, 83, NULL);
INSERT INTO transaction_ (tid, type_transaction, date_transaction, montant, utilisateur_uid, rid, eid, oid) VALUES (173, 'Gain Évaluation', '2025-12-07', 5, 47, NULL, 84, NULL);
INSERT INTO transaction_ (tid, type_transaction, date_transaction, montant, utilisateur_uid, rid, eid, oid) VALUES (174, 'Gain Évaluation', '2025-11-30', 5, 47, NULL, 85, NULL);
INSERT INTO transaction_ (tid, type_transaction, date_transaction, montant, utilisateur_uid, rid, eid, oid) VALUES (175, 'Gain Évaluation', '2025-11-18', 5, 48, NULL, 86, NULL);
INSERT INTO transaction_ (tid, type_transaction, date_transaction, montant, utilisateur_uid, rid, eid, oid) VALUES (176, 'Gain Évaluation', '2025-12-19', 5, 48, NULL, 87, NULL);
INSERT INTO transaction_ (tid, type_transaction, date_transaction, montant, utilisateur_uid, rid, eid, oid) VALUES (177, 'Gain Évaluation', '2025-11-21', 5, 49, NULL, 88, NULL);
INSERT INTO transaction_ (tid, type_transaction, date_transaction, montant, utilisateur_uid, rid, eid, oid) VALUES (178, 'Gain Évaluation', '2025-12-17', 5, 49, NULL, 89, NULL);
INSERT INTO transaction_ (tid, type_transaction, date_transaction, montant, utilisateur_uid, rid, eid, oid) VALUES (179, 'Gain Évaluation', '2025-11-28', 5, 49, NULL, 90, NULL);
INSERT INTO transaction_ (tid, type_transaction, date_transaction, montant, utilisateur_uid, rid, eid, oid) VALUES (180, 'Gain Évaluation', '2025-12-01', 5, 50, NULL, 91, NULL);
INSERT INTO transaction_ (tid, type_transaction, date_transaction, montant, utilisateur_uid, rid, eid, oid) VALUES (181, 'Gain Évaluation', '2025-11-27', 5, 50, NULL, 92, NULL);
INSERT INTO transaction_ (tid, type_transaction, date_transaction, montant, utilisateur_uid, rid, eid, oid) VALUES (182, 'Dépense', '2025-09-15', -1500, 1, NULL, NULL, 6);
INSERT INTO transaction_ (tid, type_transaction, date_transaction, montant, utilisateur_uid, rid, eid, oid) VALUES (183, 'Dépense', '2025-09-15', -600, 1, NULL, NULL, 23);
INSERT INTO transaction_ (tid, type_transaction, date_transaction, montant, utilisateur_uid, rid, eid, oid) VALUES (184, 'Dépense', '2025-09-17', -1100, 2, NULL, NULL, 31);
INSERT INTO transaction_ (tid, type_transaction, date_transaction, montant, utilisateur_uid, rid, eid, oid) VALUES (185, 'Dépense', '2025-09-17', -800, 2, NULL, NULL, 28);
INSERT INTO transaction_ (tid, type_transaction, date_transaction, montant, utilisateur_uid, rid, eid, oid) VALUES (186, 'Dépense', '2025-09-18', -2000, 3, NULL, NULL, 7);
INSERT INTO transaction_ (tid, type_transaction, date_transaction, montant, utilisateur_uid, rid, eid, oid) VALUES (187, 'Dépense', '2025-09-18', -900, 3, NULL, NULL, 32);
INSERT INTO transaction_ (tid, type_transaction, date_transaction, montant, utilisateur_uid, rid, eid, oid) VALUES (188, 'Dépense', '2025-09-18', -1200, 3, NULL, NULL, 24);
INSERT INTO transaction_ (tid, type_transaction, date_transaction, montant, utilisateur_uid, rid, eid, oid) VALUES (189, 'Dépense', '2025-09-18', -700, 3, NULL, NULL, 25);
INSERT INTO transaction_ (tid, type_transaction, date_transaction, montant, utilisateur_uid, rid, eid, oid) VALUES (190, 'Dépense', '2025-09-20', -200, 4, NULL, NULL, 3);
INSERT INTO transaction_ (tid, type_transaction, date_transaction, montant, utilisateur_uid, rid, eid, oid) VALUES (191, 'Dépense', '2025-09-20', -150, 4, NULL, NULL, 13);
INSERT INTO transaction_ (tid, type_transaction, date_transaction, montant, utilisateur_uid, rid, eid, oid) VALUES (192, 'Dépense', '2025-09-22', -3000, 5, NULL, NULL, 8);
INSERT INTO transaction_ (tid, type_transaction, date_transaction, montant, utilisateur_uid, rid, eid, oid) VALUES (193, 'Dépense', '2025-09-22', -900, 5, NULL, NULL, 34);
INSERT INTO transaction_ (tid, type_transaction, date_transaction, montant, utilisateur_uid, rid, eid, oid) VALUES (194, 'Dépense', '2025-09-22', -3000, 5, NULL, NULL, 41);
INSERT INTO transaction_ (tid, type_transaction, date_transaction, montant, utilisateur_uid, rid, eid, oid) VALUES (195, 'Dépense', '2025-09-22', -1000, 5, NULL, NULL, 45);
INSERT INTO transaction_ (tid, type_transaction, date_transaction, montant, utilisateur_uid, rid, eid, oid) VALUES (196, 'Dépense', '2025-09-22', -900, 5, NULL, NULL, 39);
INSERT INTO transaction_ (tid, type_transaction, date_transaction, montant, utilisateur_uid, rid, eid, oid) VALUES (197, 'Dépense', '2025-09-23', -50, 6, NULL, NULL, 1);
INSERT INTO transaction_ (tid, type_transaction, date_transaction, montant, utilisateur_uid, rid, eid, oid) VALUES (198, 'Dépense', '2025-09-23', -100, 6, NULL, NULL, 22);
INSERT INTO transaction_ (tid, type_transaction, date_transaction, montant, utilisateur_uid, rid, eid, oid) VALUES (199, 'Dépense', '2025-09-24', -1200, 7, NULL, NULL, 29);
INSERT INTO transaction_ (tid, type_transaction, date_transaction, montant, utilisateur_uid, rid, eid, oid) VALUES (200, 'Dépense', '2025-09-24', -900, 7, NULL, NULL, 33);
INSERT INTO transaction_ (tid, type_transaction, date_transaction, montant, utilisateur_uid, rid, eid, oid) VALUES (201, 'Dépense', '2025-09-24', -900, 7, NULL, NULL, 26);
INSERT INTO transaction_ (tid, type_transaction, date_transaction, montant, utilisateur_uid, rid, eid, oid) VALUES (202, 'Dépense', '2025-09-24', -250, 7, NULL, NULL, 15);
INSERT INTO transaction_ (tid, type_transaction, date_transaction, montant, utilisateur_uid, rid, eid, oid) VALUES (203, 'Dépense', '2025-09-25', -200, 8, NULL, NULL, 3);
INSERT INTO transaction_ (tid, type_transaction, date_transaction, montant, utilisateur_uid, rid, eid, oid) VALUES (204, 'Dépense', '2025-09-25', -150, 8, NULL, NULL, 42);
INSERT INTO transaction_ (tid, type_transaction, date_transaction, montant, utilisateur_uid, rid, eid, oid) VALUES (205, 'Dépense', '2025-09-25', -150, 8, NULL, NULL, 16);
INSERT INTO transaction_ (tid, type_transaction, date_transaction, montant, utilisateur_uid, rid, eid, oid) VALUES (206, 'Dépense', '2025-09-26', -2500, 9, NULL, NULL, 40);
INSERT INTO transaction_ (tid, type_transaction, date_transaction, montant, utilisateur_uid, rid, eid, oid) VALUES (207, 'Dépense', '2025-09-26', -1200, 9, NULL, NULL, 20);
INSERT INTO transaction_ (tid, type_transaction, date_transaction, montant, utilisateur_uid, rid, eid, oid) VALUES (208, 'Dépense', '2025-09-26', -1200, 9, NULL, NULL, 24);
INSERT INTO transaction_ (tid, type_transaction, date_transaction, montant, utilisateur_uid, rid, eid, oid) VALUES (209, 'Dépense', '2025-09-26', -800, 9, NULL, NULL, 38);
INSERT INTO transaction_ (tid, type_transaction, date_transaction, montant, utilisateur_uid, rid, eid, oid) VALUES (210, 'Dépense', '2025-09-26', -900, 9, NULL, NULL, 27);
INSERT INTO transaction_ (tid, type_transaction, date_transaction, montant, utilisateur_uid, rid, eid, oid) VALUES (211, 'Dépense', '2025-09-27', -100, 10, NULL, NULL, 2);
INSERT INTO transaction_ (tid, type_transaction, date_transaction, montant, utilisateur_uid, rid, eid, oid) VALUES (212, 'Dépense', '2025-09-27', -150, 10, NULL, NULL, 42);
INSERT INTO transaction_ (tid, type_transaction, date_transaction, montant, utilisateur_uid, rid, eid, oid) VALUES (213, 'Dépense', '2025-09-28', -2000, 11, NULL, NULL, 7);
INSERT INTO transaction_ (tid, type_transaction, date_transaction, montant, utilisateur_uid, rid, eid, oid) VALUES (214, 'Dépense', '2025-09-28', -700, 11, NULL, NULL, 44);
INSERT INTO transaction_ (tid, type_transaction, date_transaction, montant, utilisateur_uid, rid, eid, oid) VALUES (215, 'Dépense', '2025-09-28', -400, 11, NULL, NULL, 12);
INSERT INTO transaction_ (tid, type_transaction, date_transaction, montant, utilisateur_uid, rid, eid, oid) VALUES (216, 'Dépense', '2025-09-29', -200, 12, NULL, NULL, 3);
INSERT INTO transaction_ (tid, type_transaction, date_transaction, montant, utilisateur_uid, rid, eid, oid) VALUES (217, 'Dépense', '2025-09-29', -300, 12, NULL, NULL, 35);
INSERT INTO transaction_ (tid, type_transaction, date_transaction, montant, utilisateur_uid, rid, eid, oid) VALUES (218, 'Dépense', '2025-09-29', -300, 12, NULL, NULL, 43);
INSERT INTO transaction_ (tid, type_transaction, date_transaction, montant, utilisateur_uid, rid, eid, oid) VALUES (219, 'Dépense', '2025-10-01', -1500, 13, NULL, NULL, 6);
INSERT INTO transaction_ (tid, type_transaction, date_transaction, montant, utilisateur_uid, rid, eid, oid) VALUES (220, 'Dépense', '2025-10-01', -1000, 13, NULL, NULL, 5);
INSERT INTO transaction_ (tid, type_transaction, date_transaction, montant, utilisateur_uid, rid, eid, oid) VALUES (221, 'Dépense', '2025-10-01', -300, 13, NULL, NULL, 17);
INSERT INTO transaction_ (tid, type_transaction, date_transaction, montant, utilisateur_uid, rid, eid, oid) VALUES (222, 'Dépense', '2025-10-02', -50, 14, NULL, NULL, 1);
INSERT INTO transaction_ (tid, type_transaction, date_transaction, montant, utilisateur_uid, rid, eid, oid) VALUES (223, 'Dépense', '2025-10-03', -500, 15, NULL, NULL, 4);
INSERT INTO transaction_ (tid, type_transaction, date_transaction, montant, utilisateur_uid, rid, eid, oid) VALUES (224, 'Dépense', '2025-10-03', -300, 15, NULL, NULL, 37);
INSERT INTO transaction_ (tid, type_transaction, date_transaction, montant, utilisateur_uid, rid, eid, oid) VALUES (225, 'Dépense', '2025-10-03', -300, 15, NULL, NULL, 9);
INSERT INTO transaction_ (tid, type_transaction, date_transaction, montant, utilisateur_uid, rid, eid, oid) VALUES (226, 'Dépense', '2025-10-04', -1200, 16, NULL, NULL, 29);
INSERT INTO transaction_ (tid, type_transaction, date_transaction, montant, utilisateur_uid, rid, eid, oid) VALUES (227, 'Dépense', '2025-10-04', -800, 16, NULL, NULL, 19);
INSERT INTO transaction_ (tid, type_transaction, date_transaction, montant, utilisateur_uid, rid, eid, oid) VALUES (228, 'Dépense', '2025-10-04', -400, 16, NULL, NULL, 11);
INSERT INTO transaction_ (tid, type_transaction, date_transaction, montant, utilisateur_uid, rid, eid, oid) VALUES (229, 'Dépense', '2025-10-05', -100, 17, NULL, NULL, 2);
INSERT INTO transaction_ (tid, type_transaction, date_transaction, montant, utilisateur_uid, rid, eid, oid) VALUES (230, 'Dépense', '2025-10-05', -300, 17, NULL, NULL, 36);
INSERT INTO transaction_ (tid, type_transaction, date_transaction, montant, utilisateur_uid, rid, eid, oid) VALUES (231, 'Dépense', '2025-10-06', -2000, 18, NULL, NULL, 30);
INSERT INTO transaction_ (tid, type_transaction, date_transaction, montant, utilisateur_uid, rid, eid, oid) VALUES (232, 'Dépense', '2025-10-06', -2000, 18, NULL, NULL, 21);
INSERT INTO transaction_ (tid, type_transaction, date_transaction, montant, utilisateur_uid, rid, eid, oid) VALUES (233, 'Dépense', '2025-10-06', -1000, 18, NULL, NULL, 45);
INSERT INTO transaction_ (tid, type_transaction, date_transaction, montant, utilisateur_uid, rid, eid, oid) VALUES (234, 'Dépense', '2025-10-06', -1200, 18, NULL, NULL, 24);
INSERT INTO transaction_ (tid, type_transaction, date_transaction, montant, utilisateur_uid, rid, eid, oid) VALUES (235, 'Dépense', '2025-10-07', -200, 19, NULL, NULL, 3);
INSERT INTO transaction_ (tid, type_transaction, date_transaction, montant, utilisateur_uid, rid, eid, oid) VALUES (236, 'Dépense', '2025-10-07', -150, 19, NULL, NULL, 42);
INSERT INTO transaction_ (tid, type_transaction, date_transaction, montant, utilisateur_uid, rid, eid, oid) VALUES (237, 'Dépense', '2025-10-07', -300, 19, NULL, NULL, 10);
INSERT INTO transaction_ (tid, type_transaction, date_transaction, montant, utilisateur_uid, rid, eid, oid) VALUES (238, 'Dépense', '2025-10-08', -1500, 20, NULL, NULL, 6);
INSERT INTO transaction_ (tid, type_transaction, date_transaction, montant, utilisateur_uid, rid, eid, oid) VALUES (239, 'Dépense', '2025-10-08', -1100, 20, NULL, NULL, 31);
INSERT INTO transaction_ (tid, type_transaction, date_transaction, montant, utilisateur_uid, rid, eid, oid) VALUES (240, 'Dépense', '2025-10-08', -900, 20, NULL, NULL, 26);
INSERT INTO transaction_ (tid, type_transaction, date_transaction, montant, utilisateur_uid, rid, eid, oid) VALUES (241, 'Dépense', '2025-10-08', -800, 20, NULL, NULL, 38);
INSERT INTO transaction_ (tid, type_transaction, date_transaction, montant, utilisateur_uid, rid, eid, oid) VALUES (242, 'Dépense', '2025-10-09', -50, 21, NULL, NULL, 1);
INSERT INTO transaction_ (tid, type_transaction, date_transaction, montant, utilisateur_uid, rid, eid, oid) VALUES (243, 'Dépense', '2025-10-10', -800, 22, NULL, NULL, 28);
INSERT INTO transaction_ (tid, type_transaction, date_transaction, montant, utilisateur_uid, rid, eid, oid) VALUES (244, 'Dépense', '2025-10-10', -900, 22, NULL, NULL, 32);
INSERT INTO transaction_ (tid, type_transaction, date_transaction, montant, utilisateur_uid, rid, eid, oid) VALUES (245, 'Dépense', '2025-10-10', -300, 22, NULL, NULL, 17);
INSERT INTO transaction_ (tid, type_transaction, date_transaction, montant, utilisateur_uid, rid, eid, oid) VALUES (246, 'Dépense', '2025-10-11', -2000, 23, NULL, NULL, 7);
INSERT INTO transaction_ (tid, type_transaction, date_transaction, montant, utilisateur_uid, rid, eid, oid) VALUES (247, 'Dépense', '2025-10-11', -1000, 23, NULL, NULL, 5);
INSERT INTO transaction_ (tid, type_transaction, date_transaction, montant, utilisateur_uid, rid, eid, oid) VALUES (248, 'Dépense', '2025-10-11', -1200, 23, NULL, NULL, 20);
INSERT INTO transaction_ (tid, type_transaction, date_transaction, montant, utilisateur_uid, rid, eid, oid) VALUES (249, 'Dépense', '2025-10-11', -700, 23, NULL, NULL, 25);
INSERT INTO transaction_ (tid, type_transaction, date_transaction, montant, utilisateur_uid, rid, eid, oid) VALUES (250, 'Dépense', '2025-10-12', -200, 24, NULL, NULL, 3);
INSERT INTO transaction_ (tid, type_transaction, date_transaction, montant, utilisateur_uid, rid, eid, oid) VALUES (251, 'Dépense', '2025-10-12', -150, 24, NULL, NULL, 16);
INSERT INTO transaction_ (tid, type_transaction, date_transaction, montant, utilisateur_uid, rid, eid, oid) VALUES (252, 'Dépense', '2025-10-13', -1500, 25, NULL, NULL, 6);
INSERT INTO transaction_ (tid, type_transaction, date_transaction, montant, utilisateur_uid, rid, eid, oid) VALUES (253, 'Dépense', '2025-10-13', -900, 25, NULL, NULL, 33);
INSERT INTO transaction_ (tid, type_transaction, date_transaction, montant, utilisateur_uid, rid, eid, oid) VALUES (254, 'Dépense', '2025-10-13', -400, 25, NULL, NULL, 12);
INSERT INTO transaction_ (tid, type_transaction, date_transaction, montant, utilisateur_uid, rid, eid, oid) VALUES (255, 'Dépense', '2025-10-13', -700, 25, NULL, NULL, 44);
INSERT INTO transaction_ (tid, type_transaction, date_transaction, montant, utilisateur_uid, rid, eid, oid) VALUES (256, 'Dépense', '2025-10-14', -500, 26, NULL, NULL, 4);
INSERT INTO transaction_ (tid, type_transaction, date_transaction, montant, utilisateur_uid, rid, eid, oid) VALUES (257, 'Dépense', '2025-10-14', -300, 26, NULL, NULL, 35);
INSERT INTO transaction_ (tid, type_transaction, date_transaction, montant, utilisateur_uid, rid, eid, oid) VALUES (258, 'Dépense', '2025-10-14', -300, 26, NULL, NULL, 43);
INSERT INTO transaction_ (tid, type_transaction, date_transaction, montant, utilisateur_uid, rid, eid, oid) VALUES (259, 'Dépense', '2025-10-15', -1200, 27, NULL, NULL, 29);
INSERT INTO transaction_ (tid, type_transaction, date_transaction, montant, utilisateur_uid, rid, eid, oid) VALUES (260, 'Dépense', '2025-10-15', -600, 27, NULL, NULL, 23);
INSERT INTO transaction_ (tid, type_transaction, date_transaction, montant, utilisateur_uid, rid, eid, oid) VALUES (261, 'Dépense', '2025-10-15', -900, 27, NULL, NULL, 27);
INSERT INTO transaction_ (tid, type_transaction, date_transaction, montant, utilisateur_uid, rid, eid, oid) VALUES (262, 'Dépense', '2025-10-16', -50, 28, NULL, NULL, 1);
INSERT INTO transaction_ (tid, type_transaction, date_transaction, montant, utilisateur_uid, rid, eid, oid) VALUES (263, 'Dépense', '2025-10-17', -900, 29, NULL, NULL, 34);
INSERT INTO transaction_ (tid, type_transaction, date_transaction, montant, utilisateur_uid, rid, eid, oid) VALUES (264, 'Dépense', '2025-10-17', -900, 29, NULL, NULL, 39);
INSERT INTO transaction_ (tid, type_transaction, date_transaction, montant, utilisateur_uid, rid, eid, oid) VALUES (265, 'Dépense', '2025-10-18', -500, 30, NULL, NULL, 4);
INSERT INTO transaction_ (tid, type_transaction, date_transaction, montant, utilisateur_uid, rid, eid, oid) VALUES (266, 'Dépense', '2025-10-18', -400, 30, NULL, NULL, 18);
INSERT INTO transaction_ (tid, type_transaction, date_transaction, montant, utilisateur_uid, rid, eid, oid) VALUES (267, 'Dépense', '2025-10-18', -250, 30, NULL, NULL, 15);
INSERT INTO transaction_ (tid, type_transaction, date_transaction, montant, utilisateur_uid, rid, eid, oid) VALUES (268, 'Dépense', '2025-10-19', -2500, 31, NULL, NULL, 40);
INSERT INTO transaction_ (tid, type_transaction, date_transaction, montant, utilisateur_uid, rid, eid, oid) VALUES (269, 'Dépense', '2025-10-19', -1100, 31, NULL, NULL, 31);
INSERT INTO transaction_ (tid, type_transaction, date_transaction, montant, utilisateur_uid, rid, eid, oid) VALUES (270, 'Dépense', '2025-10-19', -2000, 31, NULL, NULL, 21);
INSERT INTO transaction_ (tid, type_transaction, date_transaction, montant, utilisateur_uid, rid, eid, oid) VALUES (271, 'Dépense', '2025-10-19', -1000, 31, NULL, NULL, 45);
INSERT INTO transaction_ (tid, type_transaction, date_transaction, montant, utilisateur_uid, rid, eid, oid) VALUES (272, 'Dépense', '2025-10-19', -800, 31, NULL, NULL, 38);
INSERT INTO transaction_ (tid, type_transaction, date_transaction, montant, utilisateur_uid, rid, eid, oid) VALUES (273, 'Dépense', '2025-10-20', -100, 32, NULL, NULL, 2);
INSERT INTO transaction_ (tid, type_transaction, date_transaction, montant, utilisateur_uid, rid, eid, oid) VALUES (274, 'Dépense', '2025-10-20', -100, 32, NULL, NULL, 22);
INSERT INTO transaction_ (tid, type_transaction, date_transaction, montant, utilisateur_uid, rid, eid, oid) VALUES (275, 'Dépense', '2025-10-21', -1500, 33, NULL, NULL, 6);
INSERT INTO transaction_ (tid, type_transaction, date_transaction, montant, utilisateur_uid, rid, eid, oid) VALUES (276, 'Dépense', '2025-10-21', -200, 33, NULL, NULL, 14);
INSERT INTO transaction_ (tid, type_transaction, date_transaction, montant, utilisateur_uid, rid, eid, oid) VALUES (277, 'Dépense', '2025-10-21', -150, 33, NULL, NULL, 42);
INSERT INTO transaction_ (tid, type_transaction, date_transaction, montant, utilisateur_uid, rid, eid, oid) VALUES (278, 'Dépense', '2025-10-21', -300, 33, NULL, NULL, 9);
INSERT INTO transaction_ (tid, type_transaction, date_transaction, montant, utilisateur_uid, rid, eid, oid) VALUES (279, 'Dépense', '2025-10-22', -800, 34, NULL, NULL, 28);
INSERT INTO transaction_ (tid, type_transaction, date_transaction, montant, utilisateur_uid, rid, eid, oid) VALUES (280, 'Dépense', '2025-10-22', -400, 34, NULL, NULL, 18);
INSERT INTO transaction_ (tid, type_transaction, date_transaction, montant, utilisateur_uid, rid, eid, oid) VALUES (281, 'Dépense', '2025-10-22', -300, 34, NULL, NULL, 37);
INSERT INTO transaction_ (tid, type_transaction, date_transaction, montant, utilisateur_uid, rid, eid, oid) VALUES (282, 'Dépense', '2025-10-23', -50, 35, NULL, NULL, 1);
INSERT INTO transaction_ (tid, type_transaction, date_transaction, montant, utilisateur_uid, rid, eid, oid) VALUES (283, 'Dépense', '2025-10-24', -1500, 36, NULL, NULL, 6);
INSERT INTO transaction_ (tid, type_transaction, date_transaction, montant, utilisateur_uid, rid, eid, oid) VALUES (284, 'Dépense', '2025-10-24', -800, 36, NULL, NULL, 19);
INSERT INTO transaction_ (tid, type_transaction, date_transaction, montant, utilisateur_uid, rid, eid, oid) VALUES (285, 'Dépense', '2025-10-24', -700, 36, NULL, NULL, 25);
INSERT INTO transaction_ (tid, type_transaction, date_transaction, montant, utilisateur_uid, rid, eid, oid) VALUES (286, 'Dépense', '2025-10-25', -200, 37, NULL, NULL, 3);
INSERT INTO transaction_ (tid, type_transaction, date_transaction, montant, utilisateur_uid, rid, eid, oid) VALUES (287, 'Dépense', '2025-10-25', -150, 37, NULL, NULL, 16);
INSERT INTO transaction_ (tid, type_transaction, date_transaction, montant, utilisateur_uid, rid, eid, oid) VALUES (288, 'Dépense', '2025-10-25', -150, 37, NULL, NULL, 42);
INSERT INTO transaction_ (tid, type_transaction, date_transaction, montant, utilisateur_uid, rid, eid, oid) VALUES (289, 'Dépense', '2025-10-26', -2000, 38, NULL, NULL, 7);
INSERT INTO transaction_ (tid, type_transaction, date_transaction, montant, utilisateur_uid, rid, eid, oid) VALUES (290, 'Dépense', '2025-10-26', -900, 38, NULL, NULL, 32);
INSERT INTO transaction_ (tid, type_transaction, date_transaction, montant, utilisateur_uid, rid, eid, oid) VALUES (291, 'Dépense', '2025-10-26', -1200, 38, NULL, NULL, 20);
INSERT INTO transaction_ (tid, type_transaction, date_transaction, montant, utilisateur_uid, rid, eid, oid) VALUES (292, 'Dépense', '2025-10-26', -400, 38, NULL, NULL, 11);
INSERT INTO transaction_ (tid, type_transaction, date_transaction, montant, utilisateur_uid, rid, eid, oid) VALUES (293, 'Dépense', '2025-10-27', -100, 39, NULL, NULL, 2);
INSERT INTO transaction_ (tid, type_transaction, date_transaction, montant, utilisateur_uid, rid, eid, oid) VALUES (294, 'Dépense', '2025-10-27', -150, 39, NULL, NULL, 42);
INSERT INTO transaction_ (tid, type_transaction, date_transaction, montant, utilisateur_uid, rid, eid, oid) VALUES (295, 'Dépense', '2025-10-28', -1200, 40, NULL, NULL, 29);
INSERT INTO transaction_ (tid, type_transaction, date_transaction, montant, utilisateur_uid, rid, eid, oid) VALUES (296, 'Dépense', '2025-10-28', -800, 40, NULL, NULL, 19);
INSERT INTO transaction_ (tid, type_transaction, date_transaction, montant, utilisateur_uid, rid, eid, oid) VALUES (297, 'Dépense', '2025-10-28', -900, 40, NULL, NULL, 26);
INSERT INTO transaction_ (tid, type_transaction, date_transaction, montant, utilisateur_uid, rid, eid, oid) VALUES (298, 'Dépense', '2025-10-28', -600, 40, NULL, NULL, 23);
INSERT INTO transaction_ (tid, type_transaction, date_transaction, montant, utilisateur_uid, rid, eid, oid) VALUES (299, 'Dépense', '2025-10-29', -50, 41, NULL, NULL, 1);
INSERT INTO transaction_ (tid, type_transaction, date_transaction, montant, utilisateur_uid, rid, eid, oid) VALUES (300, 'Dépense', '2025-10-30', -800, 42, NULL, NULL, 28);
INSERT INTO transaction_ (tid, type_transaction, date_transaction, montant, utilisateur_uid, rid, eid, oid) VALUES (301, 'Dépense', '2025-10-30', -400, 42, NULL, NULL, 18);
INSERT INTO transaction_ (tid, type_transaction, date_transaction, montant, utilisateur_uid, rid, eid, oid) VALUES (302, 'Dépense', '2025-10-30', -200, 42, NULL, NULL, 14);
INSERT INTO transaction_ (tid, type_transaction, date_transaction, montant, utilisateur_uid, rid, eid, oid) VALUES (303, 'Dépense', '2025-11-01', -3000, 43, NULL, NULL, 41);
INSERT INTO transaction_ (tid, type_transaction, date_transaction, montant, utilisateur_uid, rid, eid, oid) VALUES (304, 'Dépense', '2025-11-01', -2000, 43, NULL, NULL, 21);
INSERT INTO transaction_ (tid, type_transaction, date_transaction, montant, utilisateur_uid, rid, eid, oid) VALUES (305, 'Dépense', '2025-11-01', -1200, 43, NULL, NULL, 24);
INSERT INTO transaction_ (tid, type_transaction, date_transaction, montant, utilisateur_uid, rid, eid, oid) VALUES (306, 'Dépense', '2025-11-01', -1000, 43, NULL, NULL, 45);
INSERT INTO transaction_ (tid, type_transaction, date_transaction, montant, utilisateur_uid, rid, eid, oid) VALUES (307, 'Dépense', '2025-11-01', -900, 43, NULL, NULL, 39);
INSERT INTO transaction_ (tid, type_transaction, date_transaction, montant, utilisateur_uid, rid, eid, oid) VALUES (308, 'Dépense', '2025-11-02', -200, 44, NULL, NULL, 3);
INSERT INTO transaction_ (tid, type_transaction, date_transaction, montant, utilisateur_uid, rid, eid, oid) VALUES (309, 'Dépense', '2025-11-02', -150, 44, NULL, NULL, 13);
INSERT INTO transaction_ (tid, type_transaction, date_transaction, montant, utilisateur_uid, rid, eid, oid) VALUES (310, 'Dépense', '2025-11-02', -300, 44, NULL, NULL, 43);
INSERT INTO transaction_ (tid, type_transaction, date_transaction, montant, utilisateur_uid, rid, eid, oid) VALUES (311, 'Dépense', '2025-11-03', -1500, 45, NULL, NULL, 6);
INSERT INTO transaction_ (tid, type_transaction, date_transaction, montant, utilisateur_uid, rid, eid, oid) VALUES (312, 'Dépense', '2025-11-03', -900, 45, NULL, NULL, 33);
INSERT INTO transaction_ (tid, type_transaction, date_transaction, montant, utilisateur_uid, rid, eid, oid) VALUES (313, 'Dépense', '2025-11-03', -700, 45, NULL, NULL, 44);
INSERT INTO transaction_ (tid, type_transaction, date_transaction, montant, utilisateur_uid, rid, eid, oid) VALUES (314, 'Dépense', '2025-11-04', -100, 46, NULL, NULL, 2);
INSERT INTO transaction_ (tid, type_transaction, date_transaction, montant, utilisateur_uid, rid, eid, oid) VALUES (315, 'Dépense', '2025-11-04', -100, 46, NULL, NULL, 22);
INSERT INTO transaction_ (tid, type_transaction, date_transaction, montant, utilisateur_uid, rid, eid, oid) VALUES (316, 'Dépense', '2025-11-05', -1500, 47, NULL, NULL, 6);
INSERT INTO transaction_ (tid, type_transaction, date_transaction, montant, utilisateur_uid, rid, eid, oid) VALUES (317, 'Dépense', '2025-11-05', -900, 47, NULL, NULL, 34);
INSERT INTO transaction_ (tid, type_transaction, date_transaction, montant, utilisateur_uid, rid, eid, oid) VALUES (318, 'Dépense', '2025-11-05', -400, 47, NULL, NULL, 12);
INSERT INTO transaction_ (tid, type_transaction, date_transaction, montant, utilisateur_uid, rid, eid, oid) VALUES (319, 'Dépense', '2025-11-06', -500, 48, NULL, NULL, 4);
INSERT INTO transaction_ (tid, type_transaction, date_transaction, montant, utilisateur_uid, rid, eid, oid) VALUES (320, 'Dépense', '2025-11-06', -300, 48, NULL, NULL, 17);
INSERT INTO transaction_ (tid, type_transaction, date_transaction, montant, utilisateur_uid, rid, eid, oid) VALUES (321, 'Dépense', '2025-11-06', -400, 48, NULL, NULL, 18);
INSERT INTO transaction_ (tid, type_transaction, date_transaction, montant, utilisateur_uid, rid, eid, oid) VALUES (322, 'Dépense', '2025-11-07', -2500, 49, NULL, NULL, 40);
INSERT INTO transaction_ (tid, type_transaction, date_transaction, montant, utilisateur_uid, rid, eid, oid) VALUES (323, 'Dépense', '2025-11-07', -1200, 49, NULL, NULL, 20);
INSERT INTO transaction_ (tid, type_transaction, date_transaction, montant, utilisateur_uid, rid, eid, oid) VALUES (324, 'Dépense', '2025-11-07', -900, 49, NULL, NULL, 27);
INSERT INTO transaction_ (tid, type_transaction, date_transaction, montant, utilisateur_uid, rid, eid, oid) VALUES (325, 'Dépense', '2025-11-07', -1200, 49, NULL, NULL, 24);
INSERT INTO transaction_ (tid, type_transaction, date_transaction, montant, utilisateur_uid, rid, eid, oid) VALUES (326, 'Dépense', '2025-11-07', -800, 49, NULL, NULL, 38);
INSERT INTO transaction_ (tid, type_transaction, date_transaction, montant, utilisateur_uid, rid, eid, oid) VALUES (327, 'Dépense', '2025-11-08', -150, 50, NULL, NULL, 13);
INSERT INTO transaction_ (tid, type_transaction, date_transaction, montant, utilisateur_uid, rid, eid, oid) VALUES (328, 'Dépense', '2025-11-08', -300, 50, NULL, NULL, 10);

-- ===== Classements (exemple) =====
INSERT INTO classement (cid, periode, type_periode) VALUES (1, '2026-04', 'mensuel');
INSERT INTO classement (cid, periode, type_periode) VALUES (2, '2025-2026', 'annuel');


-- ===== Utilisateurs dans les classements =====
INSERT INTO utilisateur_classement (uid, cid, place, points_au_moment) VALUES (5,  1, 1, 3200);
INSERT INTO utilisateur_classement (uid, cid, place, points_au_moment) VALUES (43, 1, 2, 2900);
INSERT INTO utilisateur_classement (uid, cid, place, points_au_moment) VALUES (49, 1, 3, 2600);
INSERT INTO utilisateur_classement (uid, cid, place, points_au_moment) VALUES (9,  1, 4, 2750);
INSERT INTO utilisateur_classement (uid, cid, place, points_au_moment) VALUES (31, 1, 5, 2450);
INSERT INTO utilisateur_classement (uid, cid, place, points_au_moment) VALUES (18, 1, 6, 2300);
INSERT INTO utilisateur_classement (uid, cid, place, points_au_moment) VALUES (38, 1, 7, 2180);
INSERT INTO utilisateur_classement (uid, cid, place, points_au_moment) VALUES (23, 1, 8, 2050);
INSERT INTO utilisateur_classement (uid, cid, place, points_au_moment) VALUES (3,  1, 9, 2100);
INSERT INTO utilisateur_classement (uid, cid, place, points_au_moment) VALUES (20, 1, 10, 1700);
INSERT INTO utilisateur_classement (uid, cid, place, points_au_moment) VALUES (5,  2, 1, 3200);
INSERT INTO utilisateur_classement (uid, cid, place, points_au_moment) VALUES (43, 2, 2, 2900);
INSERT INTO utilisateur_classement (uid, cid, place, points_au_moment) VALUES (49, 2, 3, 2600);
INSERT INTO utilisateur_classement (uid, cid, place, points_au_moment) VALUES (9,  2, 4, 2750);
INSERT INTO utilisateur_classement (uid, cid, place, points_au_moment) VALUES (31, 2, 5, 2450);

-- ===== Reset auto-increment =====
ALTER TABLE objet AUTO_INCREMENT = 46;
ALTER TABLE utilisateur AUTO_INCREMENT = 51;
ALTER TABLE resume AUTO_INCREMENT = 90;
ALTER TABLE evaluation AUTO_INCREMENT = 93;
ALTER TABLE transaction_ AUTO_INCREMENT = 329;
ALTER TABLE classement AUTO_INCREMENT = 3;
ALTER TABLE utilisateur_classement AUTO_INCREMENT = 1;